femalestar,malestar,femalerasi,malerasi,thinam_porutham,kanam_porutham,magendhiram_porutham,sthirthirgam_porutham,yoni_porutham,Rasi_porutham,rasi_adhipathi_porutham,vasiyam_porutham,raji_porutham,vedhai_porutham,target
aswini,aswini,maesam,mesam,0,1,1,0,1,1,1,0,0,1,0
aswini,bharani,maesam,mesam,1,1,0,0,1,1,1,0,1,1,1
aswini,karthigai 1 padham,maesam,mesam,0,1,0,0,1,1,1,0,1,1,0
aswini,karthigai 2 3 4 padham,maesam,rishabam,0,1,0,0,1,0,1,0,1,1,0
aswini,rohini,maesam,rishabam,1,1,1,0,1,0,1,0,1,1,1
aswini,mirugasirisham 1 2 padham,maesam,rishabam,0,1,0,0,1,0,1,0,1,1,0
aswini,mirugasirisham 3 4 padham,maesam,mithunam,0,1,0,0,1,0,0,0,1,1,0
aswini,thiruvadhirai,maesam,mithunam,1,1,0,0,1,0,0,0,1,1,0
aswini,poonarpusham 1 2 3 padham,maesam,mithunam,0,1,1,0,1,0,0,0,1,1,0
aswini,poonarpusham 4 padham,maesam,kadagam,0,1,1,0,1,0,1,0,1,1,0
aswini,poosam,maesam,kadagam,1,1,0,1,1,0,1,0,1,1,1
aswini,ayilyam,maesam,kadagam,0,0,0,0,0,0,0,0,0,0,0
aswini,magam,maesam,simmam,0,0,0,0,0,0,0,0,0,0,0
aswini,pooram,maesam,simmam,1,1,0,1,1,0,1,1,1,1,1
aswini,uthiram 1 padham,maesam,simmam,0,1,0,1,1,0,1,1,1,1,1
aswini,uthiram 2 3 4 padham,maesam,kanni,0,1,0,1,1,0,0,0,1,1,0
aswini,astham,maesam,kanni,1,1,1,1,0,0,0,0,1,1,0
aswini,chithirai 1 2padham,maesam,kanni,0,1,0,1,1,0,0,0,1,1,0
aswini,chithirai 3 4 padham,maesam,thualam,0,1,0,1,1,1,1,0,1,1,1
aswini,swathi,maesam,thualam,1,1,0,1,0,1,1,0,1,1,1
aswini,visagam 1 2 3 padham,maesam,thualam,0,1,1,1,1,1,1,0,1,1,1
aswini,visagam 4 padham,maesam,viruchagam,0,1,1,1,1,0,1,1,1,1,1
aswini,anusam,maesam,viruchagam,1,1,0,1,1,0,1,1,1,1,1
aswini,kettai,maesam,viruchagam,0,0,0,0,0,0,0,0,0,0,0
aswini,moolam,maesam,dhanush,0,0,0,0,0,0,0,0,0,0,0
aswini,pooradam,maesam,dhanush,1,1,0,1,1,1,1,0,1,1,1
aswini,uthiradam 1 padham,maesam,dhanush,0,1,0,1,1,1,1,0,1,1,1
aswini,uthiradam 2 3 4 padham,maesam,magaram,0,1,0,1,1,1,1,0,1,1,1
aswini,thiruvonam,maesam,magaram,1,1,1,1,1,1,1,0,1,1,1
aswini,avitam 1 2 padham,maesam,magaram,0,1,0,1,1,1,1,0,1,1,1
aswini,avitam 3 4 padam,maesam,kumbam,0,1,0,1,1,1,1,0,1,1,1
aswini,sathayam,maesam,kumbam,1,1,0,1,1,1,1,0,1,1,1
aswini,pooratadhi 1 2 3 padham,maesam,kumbam,0,1,1,1,1,1,1,0,1,1,1
aswini,pooratadhi 4 padham,maesam,meenam,0,1,1,1,1,1,1,0,1,1,1
aswini,uthiraithadhi,maesam,meenam,1,1,0,1,1,1,1,0,1,1,1
aswini,revathi,maesam,meenam,0,0,0,0,0,0,0,0,0,0,0
bharani,aswini,maesam,mesam,1,1,0,1,1,1,1,0,1,1,1
bharani,bharani,maesam,mesam,0,0,0,0,0,0,0,0,0,0,0
bharani,karthigai 1 padham,maesam,mesam,1,1,0,0,1,1,1,0,1,1,1
bharani,karthigai 2 3 4 padham,maesam,rishabam,1,1,0,0,1,0,1,0,1,1,0
bharani,rohini,maesam,rishabam,0,1,0,0,1,0,1,0,1,1,0
bharani,mirugasirisham 1 2 padham,maesam,rishabam,1,1,1,0,1,0,1,0,1,1,1
bharani,mirugasirisham 3 4 padham,maesam,mithunam,1,1,1,0,1,0,0,0,1,1,0
bharani,thiruvadhirai,maesam,mithunam,0,1,0,0,1,0,0,0,1,1,0
bharani,poonarpusham 1 2 3 padham,maesam,mithunam,1,1,0,0,1,0,0,0,1,1,0
bharani,poonarpusham 4 padham,maesam,kadagam,1,1,0,0,1,0,1,0,1,1,0
bharani,poosam,maesam,kadagam,0,0,0,0,0,0,0,0,0,0,0
bharani,ayilyam,maesam,kadagam,1,1,0,1,1,0,1,0,1,1,1
bharani,magam,maesam,simmam,1,1,0,1,1,0,1,1,1,1,1
bharani,pooram,maesam,simmam,0,0,0,0,0,0,0,0,0,0,0
bharani,uthiram 1 padham,maesam,simmam,1,1,0,1,1,0,1,1,1,1,1
bharani,uthiram 2 3 4 padham,maesam,kanni,1,1,0,1,1,0,0,0,1,1,0
bharani,astham,maesam,kanni,0,1,0,1,1,0,0,0,1,1,0
bharani,chithirai 1 2padham,maesam,kanni,1,1,1,1,1,0,0,0,1,1,1
bharani,chithirai 3 4 padham,maesam,thualam,1,1,1,1,1,1,1,0,1,1,1
bharani,swathi,maesam,thualam,0,1,0,1,1,1,1,0,1,1,1
bharani,visagam 1 2 3 padham,maesam,thualam,1,1,0,1,1,1,1,0,1,1,1
bharani,visagam 4 padham,maesam,viruchagam,1,1,0,1,1,0,1,1,1,1,1
bharani,anusam,maesam,viruchagam,0,0,0,0,0,0,0,0,0,0,0
bharani,kettai,maesam,viruchagam,1,1,0,1,1,0,1,1,1,1,1
bharani,moolam,maesam,dhanush,1,1,0,1,1,0,1,0,1,1,1
bharani,pooradam,maesam,dhanush,0,0,0,0,0,0,0,0,0,0,0
bharani,uthiradam 1 padham,maesam,dhanush,1,1,0,1,1,1,1,0,1,1,1
bharani,uthiradam 2 3 4 padham,maesam,magaram,1,1,0,1,1,1,1,0,1,1,1
bharani,thiruvonam,maesam,magaram,1,1,0,1,1,1,1,0,1,1,1
bharani,avitam 1 2 padham,maesam,magaram,1,1,1,1,0,1,1,0,1,1,1
bharani,avitam 3 4 padam,maesam,kumbam,1,1,1,1,0,1,1,0,1,1,1
bharani,sathayam,maesam,kumbam,0,1,0,1,1,1,1,0,1,1,1
bharani,pooratadhi 1 2 3 padham,maesam,kumbam,1,1,0,1,0,1,1,0,1,1,1
bharani,pooratadhi 4 padham,maesam,meenam,1,1,0,1,0,1,1,0,1,1,1
bharani,uthiraithadhi,maesam,meenam,0,0,0,0,0,0,0,0,0,0,0
bharani,revathi,maesam,meenam,1,1,0,1,1,1,1,0,1,1,1
karthigai 1 padham,aswini,maesam,mesam,1,0,0,1,1,1,1,0,1,1,1
karthigai 1 padham,bharani,maesam,mesam,1,0,0,1,1,1,1,0,1,1,1
karthigai 1 padham,karthigai 1 padham,maesam,mesam,0,1,1,0,1,1,1,0,0,1,0
karthigai 1 padham,karthigai 2 3 4 padham,maesam,rishabam,0,1,1,0,1,0,1,0,0,1,0
karthigai 1 padham,rohini,maesam,rishabam,1,0,0,0,1,0,1,0,1,1,0
karthigai 1 padham,mirugasirisham 1 2 padham,maesam,rishabam,0,0,0,0,1,0,1,0,1,1,0
karthigai 1 padham,mirugasirisham 3 4 padham,maesam,mithunam,0,0,0,0,1,0,0,0,1,1,0
karthigai 1 padham,thiruvadhirai,maesam,mithunam,1,0,1,0,1,0,0,0,1,1,0
karthigai 1 padham,poonarpusham 1 2 3 padham,maesam,mithunam,0,0,0,0,0,0,0,0,0,0,0
karthigai 1 padham,poonarpusham 4 padham,maesam,kadagam,0,0,0,0,0,0,0,0,0,0,0
karthigai 1 padham,poosam,maesam,kadagam,1,0,0,0,1,0,1,0,1,1,0
karthigai 1 padham,ayilyam,maesam,kadagam,0,1,1,0,1,0,1,0,1,1,0
karthigai 1 padham,magam,maesam,simmam,1,1,0,1,1,0,1,1,1,1,1
karthigai 1 padham,pooram,maesam,simmam,1,0,0,1,1,0,1,1,1,1,1
karthigai 1 padham,uthiram 1 padham,maesam,simmam,0,0,0,0,0,0,0,0,0,0,0
karthigai 1 padham,uthiram 2 3 4 padham,maesam,kanni,0,0,0,0,0,0,0,0,0,0,0
karthigai 1 padham,astham,maesam,kanni,1,0,0,1,1,0,0,0,1,1,0
karthigai 1 padham,chithirai 1 2padham,maesam,kanni,0,1,0,1,1,0,0,0,1,1,0
karthigai 1 padham,chithirai 3 4 padham,maesam,thualam,0,1,0,1,1,1,1,0,1,1,1
karthigai 1 padham,swathi,maesam,thualam,1,0,1,1,1,1,1,0,1,1,1
karthigai 1 padham,visagam 1 2 3 padham,maesam,thualam,0,0,0,0,0,0,0,0,0,0,0
karthigai 1 padham,visagam 4 padham,maesam,viruchagam,0,0,0,0,0,0,0,0,0,0,0
karthigai 1 padham,anusam,maesam,viruchagam,1,0,0,1,1,0,1,1,1,1,1
karthigai 1 padham,kettai,maesam,viruchagam,0,1,1,1,1,0,1,1,1,1,1
karthigai 1 padham,moolam,maesam,dhanush,1,1,0,1,1,1,1,0,1,1,1
karthigai 1 padham,pooradam,maesam,dhanush,1,0,0,1,0,1,1,0,1,1,0
karthigai 1 padham,uthiradam 1 padham,maesam,dhanush,0,0,0,0,0,0,0,0,0,0,0
karthigai 1 padham,uthiradam 2 3 4 padham,maesam,magaram,0,0,0,0,0,0,0,0,0,0,0
karthigai 1 padham,thiruvonam,maesam,magaram,1,0,0,1,0,1,1,0,1,1,0
karthigai 1 padham,avitam 1 2 padham,maesam,magaram,0,1,0,1,1,1,1,0,1,1,1
karthigai 1 padham,avitam 3 4 padam,maesam,kumbam,0,1,0,1,1,1,1,0,1,1,1
karthigai 1 padham,sathayam,maesam,kumbam,1,1,1,1,1,1,1,0,1,1,1
karthigai 1 padham,pooratadhi 1 2 3 padham,maesam,kumbam,0,0,0,0,0,0,0,0,0,0,0
karthigai 1 padham,pooratadhi 4 padham,maesam,meenam,0,0,0,0,0,0,0,0,0,0,0
karthigai 1 padham,uthiraithadhi,maesam,meenam,1,0,0,1,1,1,1,0,1,1,1
karthigai 1 padham,revathi,maesam,meenam,0,0,1,1,1,1,1,0,1,1,1
karthigai 2 3 4 padham,aswini,rishabam,mesam,1,0,0,1,1,1,1,0,1,1,1
karthigai 2 3 4 padham,bharani,rishabam,mesam,1,0,0,1,1,1,1,0,1,1,1
karthigai 2 3 4 padham,karthigai 1 padham,rishabam,mesam,0,1,1,0,1,1,1,0,0,1,0
karthigai 2 3 4 padham,karthigai 2 3 4 padham,rishabam,rishabam,0,1,1,0,1,1,1,0,0,1,0
karthigai 2 3 4 padham,rohini,rishabam,rishabam,1,0,0,0,1,1,1,0,1,1,0
karthigai 2 3 4 padham,mirugasirisham 1 2 padham,rishabam,rishabam,0,0,0,0,1,1,1,0,1,1,0
karthigai 2 3 4 padham,mirugasirisham 3 4 padham,rishabam,mithunam,0,0,0,0,1,0,1,0,1,1,0
karthigai 2 3 4 padham,thiruvadhirai,rishabam,mithunam,1,0,1,0,1,0,1,0,1,1,0
karthigai 2 3 4 padham,poonarpusham 1 2 3 padham,rishabam,mithunam,0,0,0,0,0,0,0,0,0,0,0
karthigai 2 3 4 padham,poonarpusham 4 padham,rishabam,kadagam,0,0,0,0,0,0,0,0,0,0,0
karthigai 2 3 4 padham,poosam,rishabam,kadagam,1,0,0,0,1,0,0,1,1,1,0
karthigai 2 3 4 padham,ayilyam,rishabam,kadagam,0,1,1,0,1,0,0,1,1,1,0
karthigai 2 3 4 padham,magam,rishabam,simmam,1,1,0,1,1,0,0,0,1,1,0
karthigai 2 3 4 padham,pooram,rishabam,simmam,1,0,0,1,1,0,0,0,1,1,0
karthigai 2 3 4 padham,uthiram 1 padham,rishabam,simmam,0,0,0,0,0,0,0,0,0,0,0
karthigai 2 3 4 padham,uthiram 2 3 4 padham,rishabam,kanni,0,0,0,0,0,0,0,0,0,0,0
karthigai 2 3 4 padham,astham,rishabam,kanni,1,0,0,1,1,0,1,0,1,1,0
karthigai 2 3 4 padham,chithirai 1 2padham,rishabam,kanni,0,1,0,1,1,0,1,0,1,1,0
karthigai 2 3 4 padham,chithirai 3 4 padham,rishabam,thualam,0,1,0,1,1,1,1,1,1,1,1
karthigai 2 3 4 padham,swathi,rishabam,thualam,1,0,1,1,1,1,1,0,1,1,1
karthigai 2 3 4 padham,visagam 1 2 3 padham,rishabam,thualam,0,0,0,0,0,0,0,0,0,0,0
karthigai 2 3 4 padham,visagam 4 padham,rishabam,viruchagam,0,0,0,0,0,0,0,0,0,0,0
karthigai 2 3 4 padham,anusam,rishabam,viruchagam,1,0,0,1,1,1,1,0,1,1,1
karthigai 2 3 4 padham,kettai,rishabam,viruchagam,0,1,1,1,1,1,1,0,1,1,1
karthigai 2 3 4 padham,moolam,rishabam,dhanush,1,1,0,1,1,0,1,0,1,1,1
karthigai 2 3 4 padham,pooradam,rishabam,dhanush,1,0,0,1,0,0,1,0,1,1,0
karthigai 2 3 4 padham,uthiradam 1 padham,rishabam,dhanush,0,0,0,0,0,0,0,0,0,0,0
karthigai 2 3 4 padham,uthiradam 2 3 4 padham,rishabam,magaram,0,0,0,0,0,0,0,0,0,0,0
karthigai 2 3 4 padham,thiruvonam,rishabam,magaram,1,0,0,1,0,1,1,0,1,1,0
karthigai 2 3 4 padham,avitam 1 2 padham,rishabam,magaram,0,1,0,1,1,1,1,0,1,1,1
karthigai 2 3 4 padham,avitam 3 4 padam,rishabam,kumbam,0,1,0,1,1,1,1,0,1,1,1
karthigai 2 3 4 padham,sathayam,rishabam,kumbam,1,1,1,1,1,1,1,0,1,1,1
karthigai 2 3 4 padham,pooratadhi 1 2 3 padham,rishabam,kumbam,0,0,0,0,0,0,0,0,0,0,0
karthigai 2 3 4 padham,pooratadhi 4 padham,rishabam,meenam,0,0,0,0,0,0,0,0,0,0,0
karthigai 2 3 4 padham,uthiraithadhi,rishabam,meenam,1,0,0,1,1,1,1,0,1,1,1
karthigai 2 3 4 padham,revathi,rishabam,meenam,0,0,1,1,1,1,1,0,1,1,1
rohini,aswini,rishabam,mesam,0,1,1,1,1,1,1,0,1,1,1
rohini,bharani,rishabam,mesam,1,1,0,1,1,1,1,0,1,1,1
rohini,karthigai 1 padham,rishabam,mesam,1,1,0,1,1,1,1,0,1,1,1
rohini,karthigai 2 3 4 padham,rishabam,rishabam,1,1,0,1,1,1,1,0,1,1,1
rohini,rohini,rishabam,rishabam,0,1,1,0,1,1,1,0,0,1,0
rohini,mirugasirisham 1 2 padham,rishabam,rishabam,1,1,0,0,1,1,1,0,1,1,1
rohini,mirugasirisham 3 4 padham,rishabam,mithunam,1,1,0,0,1,0,1,0,1,1,0
rohini,thiruvadhirai,rishabam,mithunam,0,0,0,0,0,0,0,0,0,0,0
rohini,poonarpusham 1 2 3 padham,rishabam,mithunam,1,1,1,0,1,0,1,0,1,1,1
rohini,poonarpusham 4 padham,rishabam,kadagam,1,1,1,0,1,0,0,1,1,1,1
rohini,poosam,rishabam,kadagam,0,1,0,0,1,0,0,1,1,1,0
rohini,ayilyam,rishabam,kadagam,1,1,0,0,1,0,0,1,1,1,0
rohini,magam,rishabam,simmam,0,1,1,0,0,0,0,0,1,1,0
rohini,pooram,rishabam,simmam,1,1,0,1,0,0,0,0,1,1,0
rohini,uthiram 1 padham,rishabam,simmam,1,1,0,1,1,0,0,0,1,1,0
rohini,uthiram 2 3 4 padham,rishabam,kanni,1,1,0,1,0,0,1,0,1,1,0
rohini,astham,rishabam,kanni,0,0,0,0,0,0,0,0,0,0,0
rohini,chithirai 1 2padham,rishabam,kanni,1,1,0,1,1,0,1,0,1,1,1
rohini,chithirai 3 4 padham,rishabam,thualam,1,1,0,1,1,0,1,1,1,1,1
rohini,swathi,rishabam,thualam,0,0,0,0,0,0,0,0,0,0,0
rohini,visagam 1 2 3 padham,rishabam,thualam,1,1,1,1,1,0,1,1,1,1,1
rohini,visagam 4 padham,rishabam,viruchagam,1,1,1,1,1,1,1,0,1,1,1
rohini,anusam,rishabam,viruchagam,0,1,0,1,1,1,1,0,1,1,1
rohini,kettai,rishabam,viruchagam,1,1,0,1,1,1,1,0,1,1,1
rohini,moolam,rishabam,dhanush,0,1,1,1,1,0,1,0,1,1,1
rohini,pooradam,rishabam,dhanush,1,1,0,1,1,0,1,0,1,1,1
rohini,uthiradam 1 padham,rishabam,dhanush,1,1,0,1,1,0,1,0,1,1,1
rohini,uthiradam 2 3 4 padham,rishabam,magaram,1,1,0,1,1,0,1,0,1,1,1
rohini,thiruvonam,rishabam,magaram,0,0,0,0,0,0,0,0,0,0,0
rohini,avitam 1 2 padham,rishabam,magaram,1,1,0,1,1,1,1,0,1,1,1
rohini,avitam 3 4 padam,rishabam,kumbam,1,1,0,1,1,1,1,0,1,1,1
rohini,sathayam,rishabam,kumbam,0,0,0,0,0,0,0,0,0,0,0
rohini,pooratadhi 1 2 3 padham,rishabam,kumbam,1,1,1,1,1,1,1,0,1,1,1
rohini,pooratadhi 4 padham,rishabam,meenam,1,1,0,1,1,1,1,0,1,1,1
rohini,uthiraithadhi,rishabam,meenam,0,1,0,1,1,1,1,0,1,1,1
rohini,revathi,rishabam,meenam,1,1,0,1,1,1,1,0,1,1,1
mirugasirisam 1 2 padham,aswini,rishabam,mesam,1,1,0,1,1,1,1,0,1,1,1
mirugasirisam 1 2 padham,bharani,rishabam,mesam,0,1,1,1,1,1,1,0,1,1,1
mirugasirisam 1 2 padham,karthigai 1 padham,rishabam,mesam,1,1,0,1,1,1,1,0,1,1,1
mirugasirisam 1 2 padham,karthigai 2 3 4 padham,rishabam,rishabam,1,1,0,1,1,1,1,0,1,1,1
mirugasirisam 1 2 padham,rohini,rishabam,rishabam,1,1,0,1,1,1,1,0,1,1,1
mirugasirisam 1 2 padham,mirugasirisham 1 2 padham,rishabam,rishabam,0,1,1,0,0,1,1,1,0,1,0
mirugasirisam 1 2 padham,mirugasirisham 3 4 padham,rishabam,mithunam,0,1,1,0,0,1,1,1,0,1,0
mirugasirisam 1 2 padham,thiruvadhirai,rishabam,mithunam,1,1,0,0,1,0,1,0,1,1,0
mirugasirisam 1 2 padham,poonarpusham 1 2 3 padham,rishabam,mithunam,0,1,0,0,1,0,1,0,1,1,0
mirugasirisam 1 2 padham,poonarpusham 4 padham,rishabam,kadagam,0,1,0,0,1,0,0,1,1,1,0
mirugasirisam 1 2 padham,poosam,rishabam,kadagam,1,1,1,0,1,0,0,1,1,1,1
mirugasirisam 1 2 padham,ayilyam,rishabam,kadagam,0,1,0,0,1,0,0,1,1,1,0
mirugasirisam 1 2 padham,magam,rishabam,simmam,1,1,0,0,0,0,1,0,1,1,0
mirugasirisam 1 2 padham,pooram,rishabam,simmam,0,1,1,0,0,0,1,0,1,1,0
mirugasirisam 1 2 padham,uthiram 1 padham,rishabam,simmam,1,1,0,1,1,0,1,0,1,1,1
mirugasirisam 1 2 padham,uthiram 2 3 4 padham,rishabam,kanni,1,1,0,1,1,0,1,0,1,1,1
mirugasirisam 1 2 padham,astham,rishabam,kanni,1,1,0,1,1,0,1,0,1,1,1
mirugasirisam 1 2 padham,chithirai 1 2padham,rishabam,kanni,0,0,0,0,0,0,0,0,0,0,0
mirugasirisam 1 2 padham,chithirai 3 4 padham,rishabam,thualam,0,0,0,0,0,0,0,0,0,0,0
mirugasirisam 1 2 padham,swathi,rishabam,thualam,1,1,0,1,1,0,0,1,1,1,1
mirugasirisam 1 2 padham,visagam 1 2 3 padham,rishabam,thualam,0,1,0,1,1,0,1,1,1,1,1
mirugasirisam 1 2 padham,visagam 4 padham,rishabam,viruchagam,0,1,0,1,1,1,1,0,1,1,1
mirugasirisam 1 2 padham,anusam,rishabam,viruchagam,1,1,1,1,1,1,1,0,1,1,1
mirugasirisam 1 2 padham,kettai,rishabam,viruchagam,0,1,0,1,1,1,1,0,1,1,1
mirugasirisam 1 2 padham,moolam,rishabam,dhanush,1,1,0,1,1,0,1,0,1,1,1
mirugasirisam 1 2 padham,pooradam,rishabam,dhanush,0,1,1,1,1,0,1,0,1,1,1
mirugasirisam 1 2 padham,uthiradam 1 padham,rishabam,dhanush,1,1,0,1,1,0,1,0,1,1,1
mirugasirisam 1 2 padham,uthiradam 2 3 4 padham,rishabam,magaram,1,1,0,1,1,1,1,0,1,1,1
mirugasirisam 1 2 padham,thiruvonam,rishabam,magaram,1,1,0,1,1,1,1,0,1,1,1
mirugasirisam 1 2 padham,avitam 1 2 padham,rishabam,magaram,0,0,0,0,0,0,0,0,0,0,0
mirugasirisam 1 2 padham,avitam 3 4 padam,rishabam,kumbam,0,0,0,0,0,0,0,0,0,0,0
mirugasirisam 1 2 padham,sathayam,rishabam,kumbam,1,1,0,1,1,1,1,0,1,1,1
mirugasirisam 1 2 padham,pooratadhi 1 2 3 padham,rishabam,kumbam,0,1,0,1,1,1,1,0,1,1,1
mirugasirisam 1 2 padham,pooratadhi 4 padham,rishabam,meenam,0,1,0,1,1,1,1,0,1,1,1
mirugasirisam 1 2 padham,uthiraithadhi,rishabam,meenam,1,1,1,1,1,1,1,0,1,1,1
mirugasirisam 1 2 padham,revathi,rishabam,meenam,0,1,0,1,1,1,1,0,1,1,1
mirugasirisham 3 4 padham,aswini,mithunam,mesam,1,1,0,1,1,1,1,0,1,1,1
mirugasirisham 3 4 padham,bharani,mithunam,mesam,0,1,1,1,1,1,1,0,1,1,1
mirugasirisham 3 4 padham,karthigai 1 padham,mithunam,mesam,1,1,0,1,1,1,1,0,1,1,1
mirugasirisham 3 4 padham,karthigai 2 3 4 padham,mithunam,rishabam,1,1,0,1,1,1,1,0,1,1,1
mirugasirisham 3 4 padham,rohini,mithunam,rishabam,1,1,0,1,1,1,1,0,1,1,1
mirugasirisham 3 4 padham,mirugasirisham 1 2 padham,mithunam,rishabam,0,1,1,0,1,1,1,0,0,1,0
mirugasirisham 3 4 padham,mirugasirisham 3 4 padham,mithunam,mithunam,0,1,1,0,1,1,1,0,0,1,0
mirugasirisham 3 4 padham,thiruvadhirai,mithunam,mithunam,1,1,0,0,1,1,1,0,1,1,1
mirugasirisham 3 4 padham,poonarpusham 1 2 3 padham,mithunam,mithunam,0,1,0,0,1,1,1,0,1,1,0
mirugasirisham 3 4 padham,poonarpusham 4 padham,mithunam,kadagam,0,1,0,0,1,0,0,0,1,1,0
mirugasirisham 3 4 padham,poosam,mithunam,kadagam,1,1,1,0,1,0,0,0,1,1,0
mirugasirisham 3 4 padham,ayilyam,mithunam,kadagam,0,1,0,0,1,0,0,0,1,1,0
mirugasirisham 3 4 padham,magam,mithunam,simmam,1,1,0,0,0,0,1,0,1,1,0
mirugasirisham 3 4 padham,pooram,mithunam,simmam,0,1,1,0,0,0,1,0,1,1,0
mirugasirisham 3 4 padham,uthiram 1 padham,mithunam,simmam,1,1,0,1,1,0,1,0,1,1,1
mirugasirisham 3 4 padham,uthiram 2 3 4 padham,mithunam,kanni,1,1,0,1,1,0,1,1,1,1,1
mirugasirisham 3 4 padham,astham,mithunam,kanni,1,1,0,1,1,0,1,1,1,1,1
mirugasirisham 3 4 padham,chithirai 1 2padham,mithunam,kanni,0,0,0,0,0,0,0,0,0,0,0
mirugasirisham 3 4 padham,chithirai 3 4 padham,mithunam,thualam,0,0,0,0,0,0,0,0,0,0,0
mirugasirisham 3 4 padham,swathi,mithunam,thualam,1,1,0,1,1,0,1,0,1,1,1
mirugasirisham 3 4 padham,visagam 1 2 3 padham,mithunam,thualam,0,1,0,1,1,0,1,0,1,1,0
mirugasirisham 3 4 padham,visagam 4 padham,mithunam,viruchagam,0,1,0,1,1,0,1,0,1,1,0
mirugasirisham 3 4 padham,anusam,mithunam,viruchagam,1,1,1,1,1,0,1,0,1,1,1
mirugasirisham 3 4 padham,kettai,mithunam,viruchagam,0,1,0,1,1,0,1,0,1,1,0
mirugasirisham 3 4 padham,moolam,mithunam,dhanush,1,1,0,1,1,1,1,0,1,1,1
mirugasirisham 3 4 padham,pooradam,mithunam,dhanush,0,1,1,1,1,1,1,0,1,1,1
mirugasirisham 3 4 padham,uthiradam 1 padham,mithunam,dhanush,1,1,0,1,1,1,1,0,1,1,1
mirugasirisham 3 4 padham,uthiradam 2 3 4 padham,mithunam,magaram,1,1,0,1,1,0,1,0,1,1,1
mirugasirisham 3 4 padham,thiruvonam,mithunam,magaram,1,1,0,1,1,0,1,0,1,1,1
mirugasirisham 3 4 padham,avitam 1 2 padham,mithunam,magaram,0,0,0,0,0,0,0,0,0,0,0
mirugasirisham 3 4 padham,avitam 3 4 padam,mithunam,kumbam,0,0,0,0,0,0,0,0,0,0,0
mirugasirisham 3 4 padham,sathayam,mithunam,kumbam,1,1,0,1,1,1,1,0,1,1,1
mirugasirisham 3 4 padham,pooratadhi 1 2 3 padham,mithunam,kumbam,0,1,0,1,1,1,1,0,1,1,1
mirugasirisham 3 4 padham,pooratadhi 4 padham,mithunam,meenam,0,1,0,1,1,1,1,0,1,1,1
mirugasirisham 3 4 padham,uthiraithadhi,mithunam,meenam,1,1,1,1,1,1,1,0,1,1,1
mirugasirisham 3 4 padham,revathi,mithunam,meenam,0,1,0,1,1,1,1,0,1,1,1
thiruvadhirai,aswini,mithunam,mesam,0,1,0,1,1,1,1,0,1,1,1
thiruvadhirai,bharani,mithunam,mesam,1,1,0,1,1,1,1,0,1,1,1
thiruvadhirai,karthigai 1 padham,mithunam,mesam,0,1,1,1,1,1,1,0,1,1,1
thiruvadhirai,karthigai 2 3 4 padham,mithunam,rishabam,0,1,1,1,1,1,1,0,1,1,1
thiruvadhirai,rohini,mithunam,rishabam,0,0,0,0,0,0,0,0,0,0,0
thiruvadhirai,mirugasirisham 1 2 padham,mithunam,rishabam,1,1,0,1,1,1,1,0,1,1,1
thiruvadhirai,mirugasirisham 3 4 padham,mithunam,mithunam,1,1,0,1,1,1,1,0,1,1,1
thiruvadhirai,thiruvadhirai,mithunam,mithunam,0,1,1,0,1,1,1,0,0,1,0
thiruvadhirai,poonarpusham 1 2 3 padham,mithunam,mithunam,1,1,0,0,0,1,1,0,1,1,0
thiruvadhirai,poonarpusham 4 padham,mithunam,kadagam,1,1,0,0,0,0,0,0,1,1,0
thiruvadhirai,poosam,mithunam,kadagam,0,1,0,0,1,0,0,0,1,1,0
thiruvadhirai,ayilyam,mithunam,kadagam,1,1,1,0,0,0,0,0,1,1,0
thiruvadhirai,magam,mithunam,simmam,0,1,0,0,1,0,1,0,1,1,0
thiruvadhirai,pooram,mithunam,simmam,1,1,0,0,1,0,1,0,1,1,0
thiruvadhirai,uthiram 1 padham,mithunam,simmam,0,1,1,0,1,0,1,0,1,1,0
thiruvadhirai,uthiram 2 3 4 padham,mithunam,kanni,0,1,1,0,1,0,1,1,1,1,1
thiruvadhirai,astham,mithunam,kanni,0,0,0,0,0,0,0,0,0,0,0
thiruvadhirai,chithirai 1 2padham,mithunam,kanni,1,1,0,1,1,0,1,0,1,1,1
thiruvadhirai,chithirai 3 4 padham,mithunam,thualam,1,1,0,1,1,0,1,0,1,1,1
thiruvadhirai,swathi,mithunam,thualam,0,0,0,0,0,0,0,0,0,0,0
thiruvadhirai,visagam 1 2 3 padham,mithunam,thualam,1,1,0,1,1,0,1,0,1,1,1
thiruvadhirai,visagam 4 padham,mithunam,viruchagam,1,1,0,1,1,0,1,0,1,1,1
thiruvadhirai,anusam,mithunam,viruchagam,0,1,0,1,0,0,1,0,1,1,0
thiruvadhirai,kettai,mithunam,viruchagam,1,1,1,0,1,0,1,0,1,1,1
thiruvadhirai,moolam,mithunam,dhanush,0,1,0,1,1,1,1,0,1,1,1
thiruvadhirai,pooradam,mithunam,dhanush,1,1,0,1,1,1,1,0,1,1,1
thiruvadhirai,uthiradam 1 padham,mithunam,dhanush,0,1,1,1,1,1,1,0,1,1,1
thiruvadhirai,uthiradam 2 3 4 padham,mithunam,magaram,0,1,1,1,1,0,1,0,1,1,1
thiruvadhirai,thiruvonam,mithunam,magaram,0,0,0,0,0,0,0,0,0,0,0
thiruvadhirai,avitam 1 2 padham,mithunam,magaram,1,1,0,1,1,0,1,0,1,1,1
thiruvadhirai,avitam 3 4 padam,mithunam,kumbam,1,1,0,1,1,1,1,0,1,1,1
thiruvadhirai,sathayam,mithunam,kumbam,0,0,0,0,0,0,0,0,0,0,0
thiruvadhirai,pooratadhi 1 2 3 padham,mithunam,kumbam,1,1,0,1,1,1,1,0,1,1,1
thiruvadhirai,pooratadhi 4 padham,mithunam,meenam,1,1,0,1,1,1,1,0,1,1,1
thiruvadhirai,uthiraithadhi,mithunam,meenam,0,1,0,1,1,1,1,0,1,1,1
thiruvadhirai,revathi,mithunam,meenam,1,1,1,1,1,1,1,0,1,1,1
poonarpusham 1 2 3 padham,aswini,mithunam,mesam,1,1,1,1,1,1,1,0,1,1,1
poonarpusham 1 2 3 padham,bharani,mithunam,mesam,0,1,0,1,1,1,1,0,1,1,1
poonarpusham 1 2 3 padham,karthigai 1 padham,mithunam,mesam,0,0,0,0,0,0,0,0,0,0,0
poonarpusham 1 2 3 padham,karthigai 2 3 4 padham,mithunam,rishabam,0,0,0,0,0,0,0,0,0,0,0
poonarpusham 1 2 3 padham,rohini,mithunam,rishabam,0,1,1,1,1,1,1,0,1,1,1
poonarpusham 1 2 3 padham,mirugasirisham 1 2 padham,mithunam,rishabam,1,1,0,1,1,1,1,0,1,1,1
poonarpusham 1 2 3 padham,mirugasirisham 3 4 padham,mithunam,mithunam,1,1,0,1,1,1,1,0,1,1,1
poonarpusham 1 2 3 padham,thiruvadhirai,mithunam,mithunam,1,1,0,1,0,1,1,0,1,1,1
poonarpusham 1 2 3 padham,poonarpusham 1 2 3 padham,mithunam,mithunam,0,1,1,0,1,1,1,0,0,1,0
poonarpusham 1 2 3 padham,poonarpusham 4 padham,mithunam,kadagam,0,1,1,0,1,0,0,0,0,1,0
poonarpusham 1 2 3 padham,poosam,mithunam,kadagam,1,1,0,0,1,0,0,0,1,1,0
poonarpusham 1 2 3 padham,ayilyam,mithunam,kadagam,0,1,0,0,1,0,0,0,1,1,0
poonarpusham 1 2 3 padham,magam,mithunam,simmam,1,1,1,0,0,0,1,0,1,1,0
poonarpusham 1 2 3 padham,pooram,mithunam,simmam,0,1,0,0,0,0,1,0,1,0,0
poonarpusham 1 2 3 padham,uthiram 1 padham,mithunam,simmam,0,0,0,0,0,0,0,0,0,0,0
poonarpusham 1 2 3 padham,uthiram 2 3 4 padham,mithunam,kanni,0,0,0,0,0,0,0,0,0,0,0
poonarpusham 1 2 3 padham,astham,mithunam,kanni,0,1,1,0,1,0,1,1,1,1,1
poonarpusham 1 2 3 padham,chithirai 1 2padham,mithunam,kanni,1,1,0,1,1,0,1,1,1,1,1
poonarpusham 1 2 3 padham,chithirai 3 4 padham,mithunam,thualam,1,1,0,1,1,0,1,0,1,1,1
poonarpusham 1 2 3 padham,swathi,mithunam,thualam,1,1,0,1,1,0,1,0,1,1,1
poonarpusham 1 2 3 padham,visagam 1 2 3 padham,mithunam,thualam,0,0,0,0,0,0,0,0,0,0,0
poonarpusham 1 2 3 padham,visagam 4 padham,mithunam,viruchagam,0,0,0,0,0,0,0,0,0,0,0
poonarpusham 1 2 3 padham,anusam,mithunam,viruchagam,1,1,0,1,1,0,1,0,1,1,1
poonarpusham 1 2 3 padham,kettai,mithunam,viruchagam,0,1,0,1,1,0,1,0,1,1,0
poonarpusham 1 2 3 padham,moolam,mithunam,dhanush,1,1,1,1,0,1,1,0,1,1,1
poonarpusham 1 2 3 padham,pooradam,mithunam,dhanush,0,1,0,1,1,1,1,0,1,1,1
poonarpusham 1 2 3 padham,uthiradam 1 padham,mithunam,dhanush,0,0,0,0,0,0,0,0,0,0,0
poonarpusham 1 2 3 padham,uthiradam 2 3 4 padham,mithunam,magaram,0,0,0,0,0,0,0,0,0,0,0
poonarpusham 1 2 3 padham,thiruvonam,mithunam,magaram,0,1,1,1,1,0,1,0,1,1,1
poonarpusham 1 2 3 padham,avitam 1 2 padham,mithunam,magaram,1,1,0,1,1,0,1,0,1,1,1
poonarpusham 1 2 3 padham,avitam 3 4 padam,mithunam,kumbam,1,1,0,1,1,1,1,0,1,1,1
poonarpusham 1 2 3 padham,sathayam,mithunam,kumbam,1,1,0,1,1,1,1,0,1,1,1
poonarpusham 1 2 3 padham,pooratadhi 1 2 3 padham,mithunam,kumbam,0,0,0,0,0,0,0,0,0,0,0
poonarpusham 1 2 3 padham,pooratadhi 4 padham,mithunam,meenam,0,0,0,0,0,0,0,0,0,0,0
poonarpusham 1 2 3 padham,uthiraithadhi,mithunam,meenam,1,1,1,1,1,1,1,0,1,1,1
poonarpusham 1 2 3 padham,revathi,mithunam,meenam,0,1,0,1,1,1,1,0,1,1,1
poonarpusham 4 padham,aswini,kadagam,mesam,1,1,1,1,1,1,1,0,1,1,1
poonarpusham 4 padham,bharani,kadagam,mesam,0,1,0,1,1,1,1,0,1,1,1
poonarpusham 4 padham,karthigai 1 padham,kadagam,mesam,0,0,0,0,0,0,0,0,0,0,0
poonarpusham 4 padham,karthigai 2 3 4 padham,kadagam,rishabam,0,0,0,0,0,0,0,0,0,0,0
poonarpusham 4 padham,rohini,kadagam,rishabam,0,1,1,1,1,1,1,0,1,1,1
poonarpusham 4 padham,mirugasirisham 1 2 padham,kadagam,rishabam,1,1,0,1,1,1,1,0,1,1,1
poonarpusham 4 padham,mirugasirisham 3 4 padham,kadagam,mithunam,1,1,0,1,1,1,1,0,1,1,1
poonarpusham 4 padham,thiruvadhirai,kadagam,mithunam,1,1,0,1,0,1,1,0,1,1,1
poonarpusham 4 padham,poonarpusham 1 2 3 padham,kadagam,mithunam,0,1,1,0,1,1,1,0,0,1,0
poonarpusham 4 padham,poonarpusham 4 padham,kadagam,kadagam,0,1,1,0,1,1,1,0,0,1,0
poonarpusham 4 padham,poosam,kadagam,kadagam,1,1,0,0,1,1,1,0,1,1,1
poonarpusham 4 padham,ayilyam,kadagam,kadagam,0,1,0,0,1,1,1,0,1,1,0
poonarpusham 4 padham,magam,kadagam,simmam,1,1,1,0,0,0,1,0,1,1,0
poonarpusham 4 padham,pooram,kadagam,simmam,0,1,0,0,0,0,1,0,1,0,0
poonarpusham 4 padham,uthiram 1 padham,kadagam,simmam,0,0,0,0,0,0,0,0,0,0,0
poonarpusham 4 padham,uthiram 2 3 4 padham,kadagam,kanni,0,0,0,0,0,0,0,0,0,0,0
poonarpusham 4 padham,astham,kadagam,kanni,0,1,1,0,1,0,1,0,1,1,0
poonarpusham 4 padham,chithirai 1 2padham,kadagam,kanni,1,1,0,1,1,0,1,0,1,1,1
poonarpusham 4 padham,chithirai 3 4 padham,kadagam,thualam,1,1,0,1,1,0,1,0,1,1,1
poonarpusham 4 padham,swathi,kadagam,thualam,1,1,0,1,1,0,1,0,1,1,1
poonarpusham 4 padham,visagam 1 2 3 padham,kadagam,thualam,0,0,0,0,0,0,0,0,0,0,0
poonarpusham 4 padham,visagam 4 padham,kadagam,viruchagam,0,0,0,0,0,0,0,0,0,0,0
poonarpusham 4 padham,anusam,kadagam,viruchagam,1,1,0,1,1,0,1,1,1,1,1
poonarpusham 4 padham,kettai,kadagam,viruchagam,0,1,0,1,1,0,1,1,1,1,1
poonarpusham 4 padham,moolam,kadagam,dhanush,1,1,1,1,0,0,1,1,1,1,1
poonarpusham 4 padham,pooradam,kadagam,dhanush,0,1,0,1,1,0,1,1,1,1,1
poonarpusham 4 padham,uthiradam 1 padham,kadagam,dhanush,0,0,0,0,0,0,0,0,0,0,0
poonarpusham 4 padham,uthiradam 2 3 4 padham,kadagam,magaram,0,0,0,0,0,0,0,0,0,0,0
poonarpusham 4 padham,thiruvonam,kadagam,magaram,0,1,1,1,1,1,1,0,1,1,1
poonarpusham 4 padham,avitam 1 2 padham,kadagam,magaram,1,1,0,1,1,1,1,0,1,1,1
poonarpusham 4 padham,avitam 3 4 padam,kadagam,kumbam,1,1,0,1,1,0,1,0,1,1,1
poonarpusham 4 padham,sathayam,kadagam,kumbam,1,1,0,1,1,0,1,0,1,1,1
poonarpusham 4 padham,pooratadhi 1 2 3 padham,kadagam,kumbam,0,0,0,0,0,0,0,0,0,0,0
poonarpusham 4 padham,pooratadhi 4 padham,kadagam,meenam,0,0,0,0,0,0,0,0,0,0,0
poonarpusham 4 padham,uthiraithadhi,kadagam,meenam,1,1,0,1,1,1,1,0,1,1,1
poonarpusham 4 padham,revathi,kadagam,meenam,0,1,0,1,1,1,1,0,1,1,1
poosam,aswini,kadagam,mesam,0,1,0,1,1,1,1,0,1,1,1
poosam,bharani,kadagam,mesam,0,0,0,0,0,0,0,0,0,0,0
poosam,karthigai 1 padham,kadagam,mesam,0,1,0,1,1,1,1,0,1,1,1
poosam,karthigai 2 3 4 padham,kadagam,rishabam,0,1,0,1,1,1,1,0,1,1,1
poosam,rohini,kadagam,rishabam,1,1,0,1,1,1,1,0,1,1,1
poosam,mirugasirisham 1 2 padham,kadagam,rishabam,0,1,1,1,1,1,1,0,1,1,1
poosam,mirugasirisham 3 4 padham,kadagam,mithunam,0,1,1,1,1,1,1,0,1,1,1
poosam,thiruvadhirai,kadagam,mithunam,1,1,0,1,1,1,1,0,1,1,1
poosam,poonarpusham 1 2 3 padham,kadagam,mithunam,1,1,0,1,1,1,1,0,1,1,1
poosam,poonarpusham 4 padham,kadagam,kadagam,1,1,0,1,1,1,1,0,1,1,1
poosam,poosam,kadagam,kadagam,0,1,1,0,1,1,1,0,0,1,0
poosam,ayilyam,kadagam,kadagam,1,1,0,0,1,1,1,0,1,1,1
poosam,magam,kadagam,simmam,0,1,0,0,1,0,1,0,1,1,0
poosam,pooram,kadagam,simmam,0,0,0,0,0,0,0,0,0,0,0
poosam,uthiram 1 padham,kadagam,simmam,0,1,0,0,1,0,1,0,1,1,0
poosam,uthiram 2 3 4 padham,kadagam,kanni,0,1,0,0,1,0,1,0,1,1,0
poosam,astham,kadagam,kanni,1,1,0,0,1,0,1,0,1,1,0
poosam,chithirai 1 2padham,kadagam,kanni,0,1,1,0,1,0,1,0,1,1,0
poosam,chithirai 3 4 padham,kadagam,thualam,0,1,1,0,1,0,1,0,1,1,0
poosam,swathi,kadagam,thualam,1,1,0,1,1,0,1,0,1,1,1
poosam,visagam 1 2 3 padham,kadagam,thualam,1,1,0,1,1,0,1,0,1,1,1
poosam,visagam 4 padham,kadagam,viruchagam,1,1,0,1,1,0,1,1,1,1,1
poosam,anusam,kadagam,viruchagam,0,0,0,0,0,0,0,0,0,0,0
poosam,kettai,kadagam,viruchagam,1,1,0,1,1,0,1,1,1,1,1
poosam,moolam,kadagam,dhanush,0,1,0,1,1,0,1,1,1,1,1
poosam,pooradam,kadagam,dhanush,0,0,0,0,0,0,0,0,0,0,0
poosam,uthiradam 1 padham,kadagam,dhanush,0,1,1,1,1,0,1,1,1,1,1
poosam,uthiradam 2 3 4 padham,kadagam,magaram,0,1,1,1,1,1,1,0,1,1,1
poosam,thiruvonam,kadagam,magaram,1,1,0,1,0,1,1,0,1,1,1
poosam,avitam 1 2 padham,kadagam,magaram,0,1,0,1,1,1,1,0,1,1,1
poosam,avitam 3 4 padam,kadagam,kumbam,0,1,1,1,1,0,1,0,1,1,1
poosam,sathayam,kadagam,kumbam,1,1,0,1,1,0,1,0,1,1,1
poosam,pooratadhi 1 2 3 padham,kadagam,kumbam,1,1,0,1,1,0,1,0,1,1,1
poosam,pooratadhi 4 padham,kadagam,meenam,1,1,0,1,1,1,1,0,1,1,1
poosam,uthiraithadhi,kadagam,meenam,0,0,0,0,0,0,0,0,0,0,0
poosam,revathi,kadagam,meenam,1,1,0,1,1,1,1,0,1,1,1
ayilyam,aswini,kadagam,mesam,0,0,0,0,0,0,0,0,0,0,0
ayilyam,bharani,kadagam,mesam,0,0,0,1,1,1,1,0,1,1,0
ayilyam,karthigai 1 padham,kadagam,mesam,1,1,1,1,1,1,1,0,1,1,1
ayilyam,karthigai 2 3 4 padham,kadagam,rishabam,1,1,1,1,1,1,1,0,1,1,1
ayilyam,rohini,kadagam,rishabam,0,0,0,1,1,1,1,0,1,1,0
ayilyam,mirugasirisham 1 2 padham,kadagam,rishabam,1,0,0,1,1,1,1,0,1,1,1
ayilyam,mirugasirisham 3 4 padham,kadagam,mithunam,1,0,0,1,1,1,1,0,1,1,1
ayilyam,thiruvadhirai,kadagam,mithunam,0,0,1,1,0,1,1,0,1,1,0
ayilyam,poonarpusham 1 2 3 padham,kadagam,mithunam,1,0,0,1,1,1,1,0,1,1,1
ayilyam,poonarpusham 4 padham,kadagam,kadagam,1,0,0,1,1,1,1,0,1,1,1
ayilyam,poosam,kadagam,kadagam,1,0,0,1,1,1,1,0,1,1,1
ayilyam,ayilyam,kadagam,kadagam,0,0,0,0,0,0,0,0,0,0,0
ayilyam,magam,kadagam,simmam,0,0,0,0,0,0,0,0,0,0,0
ayilyam,pooram,kadagam,simmam,0,0,0,0,0,0,1,0,1,1,0
ayilyam,uthiram 1 padham,kadagam,simmam,1,0,1,0,1,0,1,0,1,1,0
ayilyam,uthiram 2 3 4 padham,kadagam,kanni,1,0,1,0,1,0,1,0,1,1,0
ayilyam,astham,kadagam,kanni,0,0,0,0,1,0,1,0,1,1,0
ayilyam,chithirai 1 2padham,kadagam,kanni,1,1,0,0,1,0,1,0,1,1,0
ayilyam,chithirai 3 4 padham,kadagam,thualam,1,1,0,0,1,0,1,0,1,1,0
ayilyam,swathi,kadagam,thualam,0,0,1,0,1,0,1,0,1,1,0
ayilyam,visagam 1 2 3 padham,kadagam,thualam,1,1,0,1,1,0,1,0,1,1,1
ayilyam,visagam 4 padham,kadagam,viruchagam,1,1,0,1,1,0,1,1,1,1,1
ayilyam,anusam,kadagam,viruchagam,1,0,0,1,1,0,1,1,1,1,1
ayilyam,kettai,kadagam,viruchagam,0,0,0,0,0,0,0,0,0,0,0
ayilyam,moolam,kadagam,dhanush,0,0,0,0,0,0,0,0,0,0,0
ayilyam,pooradam,kadagam,dhanush,0,0,0,1,1,0,1,1,1,1,0
ayilyam,uthiradam 1 padham,kadagam,dhanush,1,1,1,0,1,0,1,1,1,1,1
ayilyam,uthiradam 2 3 4 padham,kadagam,magaram,1,1,1,0,1,0,1,1,1,1,1
ayilyam,thiruvonam,kadagam,magaram,0,0,0,1,1,1,1,0,1,1,0
ayilyam,avitam 1 2 padham,kadagam,magaram,1,1,0,1,1,1,1,0,1,1,1
ayilyam,avitam 3 4 padam,kadagam,kumbam,1,1,0,1,1,0,1,0,1,1,1
ayilyam,sathayam,kadagam,kumbam,0,1,1,1,1,0,1,0,1,1,1
ayilyam,pooratadhi 1 2 3 padham,kadagam,kumbam,1,0,0,1,1,0,1,0,1,1,0
ayilyam,pooratadhi 4 padham,kadagam,meenam,1,0,0,1,1,1,1,0,1,1,1
ayilyam,uthiraithadhi,kadagam,meenam,1,0,0,1,1,1,1,0,1,1,1
ayilyam,revathi,kadagam,meenam,0,0,0,0,0,0,0,0,0,0,0
magam,aswini,simmam,mesam,0,0,0,0,0,0,0,0,0,0,0
magam,bharani,simmam,mesam,1,0,0,1,1,1,1,0,1,1,1
magam,karthigai 1 padham,simmam,mesam,0,1,0,1,1,1,1,0,1,1,1
magam,karthigai 2 3 4 padham,simmam,rishabam,0,1,0,1,1,1,0,0,1,1,0
magam,rohini,simmam,rishabam,1,0,1,1,0,1,0,0,1,1,0
magam,mirugasirisham 1 2 padham,simmam,rishabam,0,0,0,1,0,1,0,0,1,1,0
magam,mirugasirisham 3 4 padham,simmam,mithunam,0,0,0,1,0,1,1,0,1,1,0
magam,thiruvadhirai,simmam,mithunam,1,0,0,1,1,1,1,0,1,1,1
magam,poonarpusham 1 2 3 padham,simmam,mithunam,0,0,1,1,0,1,1,0,1,1,0
magam,poonarpusham 4 padham,simmam,kadagam,0,0,1,1,1,1,1,0,1,1,1
magam,poosam,simmam,kadagam,1,0,0,1,1,1,1,0,1,1,1
magam,ayilyam,simmam,kadagam,0,0,0,0,0,0,0,0,0,0,0
magam,magam,simmam,simmam,0,1,1,0,1,1,1,0,0,1,0
magam,pooram,simmam,simmam,1,0,0,0,1,1,1,0,1,1,0
magam,uthiram 1 padham,simmam,simmam,0,0,0,0,1,1,1,0,1,1,0
magam,uthiram 2 3 4 padham,simmam,kanni,0,0,0,0,1,0,1,0,1,1,0
magam,astham,simmam,kanni,1,0,1,0,1,0,1,0,1,1,0
magam,chithirai 1 2padham,simmam,kanni,0,1,0,0,1,0,1,0,1,1,0
magam,chithirai 3 4 padham,simmam,thualam,0,1,0,0,1,0,0,0,1,1,0
magam,swathi,simmam,thualam,1,0,0,0,1,0,0,0,1,1,0
magam,visagam 1 2 3 padham,simmam,thualam,0,1,1,0,1,0,0,0,1,1,0
magam,visagam 4 padham,simmam,viruchagam,0,1,1,0,1,0,1,0,1,1,0
magam,anusam,simmam,viruchagam,1,0,0,1,1,0,1,0,1,1,0
magam,kettai,simmam,viruchagam,0,0,0,0,0,0,0,0,0,0,0
magam,moolam,simmam,dhanush,0,0,0,0,0,0,0,0,0,0,0
magam,pooradam,simmam,dhanush,1,0,0,1,1,0,1,0,1,1,0
magam,uthiradam 1 padham,simmam,dhanush,0,0,0,1,1,0,1,0,1,1,0
magam,uthiradam 2 3 4 padham,simmam,magaram,0,0,0,1,1,0,0,1,1,1,0
magam,thiruvonam,simmam,magaram,1,0,1,1,1,0,0,1,1,1,1
magam,avitam 1 2 padham,simmam,magaram,0,1,0,1,1,0,0,1,1,1,0
magam,avitam 3 4 padam,simmam,kumbam,0,1,0,1,1,1,0,0,1,1,0
magam,sathayam,simmam,kumbam,1,1,0,1,1,1,0,0,1,1,1
magam,pooratadhi 1 2 3 padham,simmam,kumbam,0,0,1,1,1,1,0,0,1,1,0
magam,pooratadhi 4 padham,simmam,meenam,0,0,1,1,1,0,1,0,1,1,0
magam,uthiraithadhi,simmam,meenam,1,0,0,1,1,0,1,0,1,1,0
magam,revathi,simmam,meenam,0,0,0,0,0,0,0,0,0,0,0
pooram,aswini,simmam,mesam,1,1,0,1,1,1,1,0,1,1,1
pooram,bharani,simmam,mesam,0,0,0,0,0,0,0,0,0,0,0
pooram,karthigai 1 padham,simmam,mesam,1,1,0,1,1,1,1,0,1,1,1
pooram,karthigai 2 3 4 padham,simmam,rishabam,1,1,0,1,1,1,0,0,1,1,1
pooram,rohini,simmam,rishabam,0,1,0,1,0,1,0,0,1,1,0
pooram,mirugasirisham 1 2 padham,simmam,rishabam,1,1,1,1,0,1,0,0,1,1,1
pooram,mirugasirisham 3 4 padham,simmam,mithunam,1,1,1,1,0,1,1,0,1,1,1
pooram,thiruvadhirai,simmam,mithunam,0,1,0,1,1,1,1,0,1,1,1
pooram,poonarpusham 1 2 3 padham,simmam,mithunam,1,1,0,1,0,1,1,0,1,1,1
pooram,poonarpusham 4 padham,simmam,kadagam,1,1,0,1,0,1,1,0,1,1,1
pooram,poosam,simmam,kadagam,0,0,0,0,0,0,0,0,0,0,0
pooram,ayilyam,simmam,kadagam,1,1,0,1,0,1,1,0,1,1,1
pooram,magam,simmam,simmam,1,1,0,1,1,1,1,0,1,1,1
pooram,pooram,simmam,simmam,0,0,0,0,0,0,0,0,0,0,0
pooram,uthiram 1 padham,simmam,simmam,1,1,0,0,1,1,1,0,1,1,1
pooram,uthiram 2 3 4 padham,simmam,kanni,1,1,0,0,1,0,1,0,1,1,0
pooram,astham,simmam,kanni,0,1,0,0,1,0,1,0,1,1,0
pooram,chithirai 1 2padham,simmam,kanni,1,1,1,0,1,0,0,0,1,1,0
pooram,chithirai 3 4 padham,simmam,thualam,1,1,1,0,1,0,0,0,1,1,0
pooram,swathi,simmam,thualam,0,1,0,0,1,0,0,0,1,1,0
pooram,visagam 1 2 3 padham,simmam,thualam,1,1,0,0,1,0,0,0,1,1,0
pooram,visagam 4 padham,simmam,viruchagam,1,1,0,0,1,0,1,0,1,1,0
pooram,anusam,simmam,viruchagam,0,0,0,0,0,0,0,0,0,0,0
pooram,kettai,simmam,viruchagam,1,1,0,1,1,0,1,0,1,1,1
pooram,moolam,simmam,dhanush,1,1,0,1,1,0,1,0,1,1,1
pooram,pooradam,simmam,dhanush,0,0,0,0,0,0,0,0,0,0,0
pooram,uthiradam 1 padham,simmam,dhanush,1,1,0,1,1,0,1,0,1,1,1
pooram,uthiradam 2 3 4 padham,simmam,magaram,1,1,0,1,1,0,0,1,1,1,1
pooram,thiruvonam,simmam,magaram,0,1,0,1,1,0,0,1,1,1,0
pooram,avitam 1 2 padham,simmam,magaram,1,1,1,1,1,0,0,1,1,1,1
pooram,avitam 3 4 padam,simmam,kumbam,1,1,1,1,1,1,0,0,1,1,1
pooram,sathayam,simmam,kumbam,0,1,0,1,1,1,0,0,1,1,0
pooram,pooratadhi 1 2 3 padham,simmam,kumbam,1,1,0,1,1,1,0,0,1,1,1
pooram,pooratadhi 4 padham,simmam,meenam,1,1,0,1,1,0,1,0,1,1,1
pooram,uthiraithadhi,simmam,meenam,0,0,0,0,0,0,0,0,0,0,0
pooram,revathi,simmam,meenam,1,1,0,1,1,0,1,0,1,1,1
uthiram 1 padham,aswini,simmam,mesam,1,1,0,1,1,1,1,0,1,1,1
uthiram 1 padham,bharani,simmam,mesam,1,1,0,1,1,1,1,0,1,1,1
uthiram 1 padham,karthigai 1 padham,simmam,mesam,0,0,0,0,0,0,0,0,0,0,0
uthiram 1 padham,karthigai 2 3 4 padham,simmam,rishabam,0,0,0,0,0,0,0,0,0,0,0
uthiram 1 padham,rohini,simmam,rishabam,1,1,0,1,1,1,0,0,1,1,1
uthiram 1 padham,mirugasirisham 1 2 padham,simmam,rishabam,0,1,0,1,1,1,0,0,1,1,0
uthiram 1 padham,mirugasirisham 3 4 padham,simmam,mithunam,0,1,0,1,1,1,1,0,1,1,1
uthiram 1 padham,thiruvadhirai,simmam,mithunam,1,1,1,1,1,1,1,0,1,1,1
uthiram 1 padham,poonarpusham 1 2 3 padham,simmam,mithunam,0,0,0,0,0,0,0,0,0,0,0
uthiram 1 padham,poonarpusham 4 padham,simmam,kadagam,0,0,0,0,0,0,0,0,0,0,0
uthiram 1 padham,poosam,simmam,kadagam,1,1,0,1,1,1,1,0,1,1,1
uthiram 1 padham,ayilyam,simmam,kadagam,0,1,1,1,1,1,1,0,1,1,1
uthiram 1 padham,magam,simmam,simmam,1,1,0,1,1,1,1,0,1,1,1
uthiram 1 padham,pooram,simmam,simmam,1,1,0,1,1,1,1,0,1,1,1
uthiram 1 padham,uthiram 1 padham,simmam,simmam,0,1,1,0,1,1,1,0,0,1,0
uthiram 1 padham,uthiram 2 3 4 padham,simmam,kanni,0,1,1,0,1,0,1,0,0,1,0
uthiram 1 padham,astham,simmam,kanni,1,1,0,0,1,0,1,0,1,1,0
uthiram 1 padham,chithirai 1 2padham,simmam,kanni,0,1,0,0,0,0,1,0,1,1,0
uthiram 1 padham,chithirai 3 4 padham,simmam,thualam,0,1,0,0,0,0,0,0,1,1,0
uthiram 1 padham,swathi,simmam,thualam,1,1,1,0,1,0,0,0,1,1,0
uthiram 1 padham,visagam 1 2 3 padham,simmam,thualam,0,0,0,0,0,0,0,0,0,0,0
uthiram 1 padham,visagam 4 padham,simmam,viruchagam,0,0,0,0,0,0,0,0,0,0,0
uthiram 1 padham,anusam,simmam,viruchagam,1,1,0,0,1,0,1,0,1,1,0
uthiram 1 padham,kettai,simmam,viruchagam,0,1,1,0,1,0,1,0,1,1,0
uthiram 1 padham,moolam,simmam,dhanush,1,1,0,1,1,0,1,0,1,1,1
uthiram 1 padham,pooradam,simmam,dhanush,1,1,0,1,1,0,0,0,1,1,0
uthiram 1 padham,uthiradam 1 padham,simmam,dhanush,0,0,0,0,0,0,0,0,0,0,0
uthiram 1 padham,uthiradam 2 3 4 padham,simmam,magaram,0,0,0,0,0,0,0,0,0,0,0
uthiram 1 padham,thiruvonam,simmam,magaram,1,1,0,1,1,0,0,1,1,1,1
uthiram 1 padham,avitam 1 2 padham,simmam,magaram,0,1,0,1,1,0,0,1,1,1,0
uthiram 1 padham,avitam 3 4 padam,simmam,kumbam,0,1,0,1,1,1,0,0,1,1,0
uthiram 1 padham,sathayam,simmam,kumbam,1,1,1,1,1,1,0,0,1,1,1
uthiram 1 padham,pooratadhi 1 2 3 padham,simmam,kumbam,0,0,0,0,0,0,0,0,0,0,0
uthiram 1 padham,pooratadhi 4 padham,simmam,meenam,0,0,0,0,0,0,0,0,0,0,0
uthiram 1 padham,uthiraithadhi,simmam,meenam,1,1,0,1,1,0,1,0,1,1,1
uthiram 1 padham,revathi,simmam,meenam,0,1,1,1,1,0,1,0,1,1,1
uthiram 2 3 4 padham,aswini,kanni,mesam,1,1,0,1,1,0,1,0,1,1,1
uthiram 2 3 4 padham,bharani,kanni,mesam,1,1,0,1,1,0,1,0,1,1,1
uthiram 2 3 4 padham,karthigai 1 padham,kanni,mesam,0,0,0,0,0,0,0,0,0,0,0
uthiram 2 3 4 padham,karthigai 2 3 4 padham,kanni,rishabam,0,0,0,0,0,0,0,0,0,0,0
uthiram 2 3 4 padham,rohini,kanni,rishabam,1,1,0,1,1,1,1,1,1,1,1
uthiram 2 3 4 padham,mirugasirisham 1 2 padham,kanni,rishabam,0,1,0,1,1,1,1,1,1,1,1
uthiram 2 3 4 padham,mirugasirisham 3 4 padham,kanni,mithunam,0,1,0,1,1,1,1,1,1,1,1
uthiram 2 3 4 padham,thiruvadhirai,kanni,mithunam,1,1,1,1,1,1,1,1,1,1,1
uthiram 2 3 4 padham,poonarpusham 1 2 3 padham,kanni,mithunam,0,0,0,0,0,0,0,0,0,0,0
uthiram 2 3 4 padham,poonarpusham 4 padham,kanni,kadagam,0,0,0,0,0,0,0,0,0,0,0
uthiram 2 3 4 padham,poosam,kanni,kadagam,1,1,0,1,1,1,0,0,1,1,1
uthiram 2 3 4 padham,ayilyam,kanni,kadagam,0,1,1,1,1,1,0,0,1,1,1
uthiram 2 3 4 padham,magam,kanni,simmam,1,1,0,1,1,1,1,0,1,1,1
uthiram 2 3 4 padham,pooram,kanni,simmam,1,1,0,1,1,1,1,0,1,1,1
uthiram 2 3 4 padham,uthiram 1 padham,kanni,simmam,0,1,1,0,1,1,1,0,0,1,0
uthiram 2 3 4 padham,uthiram 2 3 4 padham,kanni,kanni,0,1,1,0,1,1,1,0,0,1,0
uthiram 2 3 4 padham,astham,kanni,kanni,1,1,0,0,1,1,1,0,1,1,1
uthiram 2 3 4 padham,chithirai 1 2padham,kanni,kanni,0,1,0,0,1,1,1,0,1,1,0
uthiram 2 3 4 padham,chithirai 3 4 padham,kanni,thualam,0,1,0,0,0,0,1,0,1,1,0
uthiram 2 3 4 padham,swathi,kanni,thualam,1,1,1,0,1,0,1,0,1,1,1
uthiram 2 3 4 padham,visagam 1 2 3 padham,kanni,thualam,0,0,0,0,0,0,0,0,0,0,0
uthiram 2 3 4 padham,visagam 4 padham,kanni,viruchagam,0,0,0,0,0,0,0,0,0,0,0
uthiram 2 3 4 padham,anusam,kanni,viruchagam,1,1,0,0,1,0,1,0,1,1,0
uthiram 2 3 4 padham,kettai,kanni,viruchagam,0,1,1,0,1,0,1,0,1,1,0
uthiram 2 3 4 padham,moolam,kanni,dhanush,1,1,0,1,1,0,1,0,1,1,1
uthiram 2 3 4 padham,pooradam,kanni,dhanush,1,1,0,1,1,0,1,0,1,1,1
uthiram 2 3 4 padham,uthiradam 1 padham,kanni,dhanush,0,0,0,0,0,0,0,0,0,0,0
uthiram 2 3 4 padham,uthiradam 2 3 4 padham,kanni,magaram,0,0,0,0,0,0,0,0,0,0,0
uthiram 2 3 4 padham,thiruvonam,kanni,magaram,1,1,0,1,1,0,1,0,1,1,1
uthiram 2 3 4 padham,avitam 1 2 padham,kanni,magaram,0,1,0,1,1,0,1,0,1,1,0
uthiram 2 3 4 padham,avitam 3 4 padam,kanni,kumbam,0,1,0,1,1,0,0,0,1,1,0
uthiram 2 3 4 padham,sathayam,kanni,kumbam,1,1,1,1,1,0,1,0,1,1,1
uthiram 2 3 4 padham,pooratadhi 1 2 3 padham,kanni,kumbam,0,0,0,0,0,0,0,0,0,0,0
uthiram 2 3 4 padham,pooratadhi 4 padham,kanni,meenam,0,0,0,0,0,0,0,0,0,0,0
uthiram 2 3 4 padham,uthiraithadhi,kanni,meenam,1,1,0,1,1,1,1,1,1,1,1
uthiram 2 3 4 padham,revathi,kanni,meenam,0,1,1,1,1,1,1,1,1,1,1
astham,aswini,kanni,mesam,0,1,1,1,0,0,1,0,1,1,0
astham,bharani,kanni,mesam,1,1,0,1,1,0,1,0,1,1,1
astham,karthigai 1 padham,kanni,mesam,1,1,0,1,1,0,1,0,1,1,1
astham,karthigai 2 3 4 padham,kanni,rishabam,1,1,0,1,1,1,1,1,1,1,1
astham,rohini,kanni,rishabam,0,0,0,0,0,0,0,0,0,0,0
astham,mirugasirisham 1 2 padham,kanni,rishabam,1,1,0,1,1,1,1,1,1,1,1
astham,mirugasirisham 3 4 padham,kanni,mithunam,1,1,0,1,1,1,1,0,1,1,1
astham,thiruvadhirai,kanni,mithunam,0,0,0,0,0,0,0,0,0,0,0
astham,poonarpusham 1 2 3 padham,kanni,mithunam,1,1,1,1,1,1,1,1,1,1,1
astham,poonarpusham 4 padham,kanni,kadagam,1,1,1,1,1,1,0,0,1,1,1
astham,poosam,kanni,kadagam,0,1,0,1,1,1,0,0,1,1,0
astham,ayilyam,kanni,kadagam,1,1,0,1,1,1,0,0,1,1,1
astham,magam,kanni,simmam,0,1,1,1,1,1,1,0,1,1,1
astham,pooram,kanni,simmam,1,1,0,1,1,1,1,0,1,1,1
astham,uthiram 1 padham,kanni,simmam,1,1,0,1,1,1,1,0,1,1,1
astham,uthiram 2 3 4 padham,kanni,kanni,1,1,0,1,1,1,1,0,1,1,1
astham,astham,kanni,kanni,0,1,1,0,1,1,1,0,0,1,0
astham,chithirai 1 2padham,kanni,kanni,1,1,0,0,1,1,1,0,1,1,1
astham,chithirai 3 4 padham,kanni,thualam,1,1,0,0,1,0,1,0,1,1,0
astham,swathi,kanni,thualam,0,0,0,0,0,0,0,0,0,0,0
astham,visagam 1 2 3 padham,kanni,thualam,1,1,1,0,1,0,1,0,1,1,1
astham,visagam 4 padham,kanni,viruchagam,1,1,1,0,1,0,1,0,1,1,1
astham,anusam,kanni,viruchagam,0,1,0,0,1,0,1,0,1,1,0
astham,kettai,kanni,viruchagam,1,1,0,0,1,0,1,0,1,1,0
astham,moolam,kanni,dhanush,0,0,1,0,1,0,1,0,1,1,0
astham,pooradam,kanni,dhanush,1,1,0,1,1,0,1,0,1,1,1
astham,uthiradam 1 padham,kanni,dhanush,1,1,0,1,1,0,1,0,1,1,1
astham,uthiradam 2 3 4 padham,kanni,magaram,1,1,0,1,1,0,1,0,1,1,1
astham,thiruvonam,kanni,magaram,0,0,0,0,0,0,0,0,0,0,0
astham,avitam 1 2 padham,kanni,magaram,1,1,0,1,1,0,1,0,1,1,1
astham,avitam 3 4 padam,kanni,kumbam,1,1,0,1,1,0,0,0,1,1,0
astham,sathayam,kanni,kumbam,0,0,0,0,0,0,0,0,0,0,0
astham,pooratadhi 1 2 3 padham,kanni,kumbam,1,1,1,1,1,0,1,0,1,1,1
astham,pooratadhi 4 padham,kanni,meenam,1,1,1,1,1,1,1,1,1,1,1
astham,uthiraithadhi,kanni,meenam,0,1,0,1,1,1,1,1,1,1,1
astham,revathi,kanni,meenam,1,1,0,1,1,1,1,1,1,1,1
chithirai 1 2padham,aswini,kanni,mesam,1,0,0,1,1,0,1,0,1,1,0
chithirai 1 2padham,bharani,kanni,mesam,0,0,1,1,1,0,1,0,1,1,0
chithirai 1 2padham,karthigai 1 padham,kanni,mesam,1,1,0,1,0,0,1,0,1,1,0
chithirai 1 2padham,karthigai 2 3 4 padham,kanni,rishabam,1,1,0,1,1,1,1,1,1,1,1
chithirai 1 2padham,rohini,kanni,rishabam,1,0,0,1,1,1,1,1,1,1,1
chithirai 1 2padham,mirugasirisham 1 2 padham,kanni,rishabam,0,0,0,0,0,0,0,0,0,0,0
chithirai 1 2padham,mirugasirisham 3 4 padham,kanni,mithunam,0,0,0,0,0,0,0,0,0,0,0
chithirai 1 2padham,thiruvadhirai,kanni,mithunam,1,0,0,1,1,1,1,1,1,1,1
chithirai 1 2padham,poonarpusham 1 2 3 padham,kanni,mithunam,0,0,0,1,1,1,1,0,1,1,0
chithirai 1 2padham,poonarpusham 4 padham,kanni,kadagam,0,0,0,1,1,1,0,0,1,1,0
chithirai 1 2padham,poosam,kanni,kadagam,1,0,1,1,1,1,0,0,1,1,1
chithirai 1 2padham,ayilyam,kanni,kadagam,0,1,0,1,1,1,0,0,1,1,0
chithirai 1 2padham,magam,kanni,simmam,1,1,0,1,1,1,1,0,1,1,1
chithirai 1 2padham,pooram,kanni,simmam,0,0,1,1,1,1,1,0,1,1,1
chithirai 1 2padham,uthiram 1 padham,kanni,simmam,1,0,0,1,0,1,1,0,1,1,0
chithirai 1 2padham,uthiram 2 3 4 padham,kanni,kanni,1,0,0,1,0,1,1,0,1,1,0
chithirai 1 2padham,astham,kanni,kanni,1,0,0,1,1,1,1,0,1,1,1
chithirai 1 2padham,chithirai 1 2padham,kanni,kanni,0,0,0,0,0,0,0,0,0,0,0
chithirai 1 2padham,chithirai 3 4 padham,kanni,thualam,0,0,0,0,0,0,0,0,0,0,0
chithirai 1 2padham,swathi,kanni,thualam,1,0,0,0,1,0,1,0,1,1,0
chithirai 1 2padham,visagam 1 2 3 padham,kanni,thualam,0,1,0,0,1,0,1,0,1,1,0
chithirai 1 2padham,visagam 4 padham,kanni,viruchagam,0,1,0,0,1,0,1,0,1,1,0
chithirai 1 2padham,anusam,kanni,viruchagam,1,0,1,0,1,0,1,0,1,1,0
chithirai 1 2padham,kettai,kanni,viruchagam,0,1,0,0,1,0,1,0,1,1,0
chithirai 1 2padham,moolam,kanni,dhanush,1,1,0,0,1,0,1,0,1,1,0
chithirai 1 2padham,pooradam,kanni,dhanush,0,0,1,0,1,0,1,0,1,1,0
chithirai 1 2padham,uthiradam 1 padham,kanni,dhanush,1,0,0,1,0,0,1,0,1,1,0
chithirai 1 2padham,uthiradam 2 3 4 padham,kanni,magaram,1,0,0,1,0,0,1,0,1,1,0
chithirai 1 2padham,thiruvonam,kanni,magaram,1,0,0,1,1,0,1,0,1,1,0
chithirai 1 2padham,avitam 1 2 padham,kanni,magaram,0,0,0,0,0,0,0,0,0,0,0
chithirai 1 2padham,avitam 3 4 padam,kanni,kumbam,0,0,0,0,0,0,0,0,0,0,0
chithirai 1 2padham,sathayam,kanni,kumbam,1,1,0,1,1,0,1,0,1,1,1
chithirai 1 2padham,pooratadhi 1 2 3 padham,kanni,kumbam,0,0,0,1,1,0,1,0,1,1,0
chithirai 1 2padham,pooratadhi 4 padham,kanni,meenam,0,0,0,1,1,1,1,1,1,1,1
chithirai 1 2padham,uthiraithadhi,kanni,meenam,1,0,1,1,0,1,1,1,1,1,1
chithirai 1 2padham,revathi,kanni,meenam,1,0,0,1,1,1,1,1,1,1,1
chithirai 3 4 padham,aswini,thualam,mesam,1,0,0,1,1,1,1,0,1,1,1
chithirai 3 4 padham,bharani,thualam,mesam,0,0,1,1,1,1,1,0,1,1,1
chithirai 3 4 padham,karthigai 1 padham,thualam,mesam,1,1,0,1,1,1,1,0,1,1,1
chithirai 3 4 padham,karthigai 2 3 4 padham,thualam,rishabam,1,1,0,1,1,0,1,0,1,1,1
chithirai 3 4 padham,rohini,thualam,rishabam,1,0,0,1,1,0,1,0,1,1,0
chithirai 3 4 padham,mirugasirisham 1 2 padham,thualam,rishabam,0,0,0,0,0,0,0,0,0,0,0
chithirai 3 4 padham,mirugasirisham 3 4 padham,thualam,mithunam,0,0,0,0,0,0,0,0,0,0,0
chithirai 3 4 padham,thiruvadhirai,thualam,mithunam,1,0,0,1,1,1,1,0,1,1,1
chithirai 3 4 padham,poonarpusham 1 2 3 padham,thualam,mithunam,0,0,0,1,1,1,1,0,1,1,0
chithirai 3 4 padham,poonarpusham 4 padham,thualam,kadagam,0,0,0,1,1,1,0,0,1,1,0
chithirai 3 4 padham,poosam,thualam,kadagam,1,0,1,1,1,1,0,0,1,1,1
chithirai 3 4 padham,ayilyam,thualam,kadagam,0,1,0,1,1,1,0,0,1,1,0
chithirai 3 4 padham,magam,thualam,simmam,1,1,0,1,1,1,0,0,1,1,1
chithirai 3 4 padham,pooram,thualam,simmam,0,0,1,1,1,1,0,0,1,1,0
chithirai 3 4 padham,uthiram 1 padham,thualam,simmam,1,0,0,1,0,1,0,0,1,1,0
chithirai 3 4 padham,uthiram 2 3 4 padham,thualam,kanni,1,0,0,1,0,1,1,0,1,1,0
chithirai 3 4 padham,astham,thualam,kanni,1,0,0,1,1,1,1,0,1,1,1
chithirai 3 4 padham,chithirai 1 2padham,thualam,kanni,0,0,0,0,0,0,0,0,0,0,0
chithirai 3 4 padham,chithirai 3 4 padham,thualam,thualam,0,0,0,0,0,0,0,0,0,0,0
chithirai 3 4 padham,swathi,thualam,thualam,1,0,0,0,1,1,1,0,1,1,0
chithirai 3 4 padham,visagam 1 2 3 padham,thualam,thualam,0,1,0,0,1,1,1,0,1,1,0
chithirai 3 4 padham,visagam 4 padham,thualam,viruchagam,0,1,0,0,1,0,1,0,1,1,0
chithirai 3 4 padham,anusam,thualam,viruchagam,1,0,1,0,1,0,1,0,1,1,0
chithirai 3 4 padham,kettai,thualam,viruchagam,0,1,0,0,1,0,1,0,1,1,0
chithirai 3 4 padham,moolam,thualam,dhanush,1,1,0,0,1,0,1,0,1,1,0
chithirai 3 4 padham,pooradam,thualam,dhanush,0,0,1,0,1,0,1,0,1,1,0
chithirai 3 4 padham,uthiradam 1 padham,thualam,dhanush,1,0,0,1,0,0,1,0,1,1,0
chithirai 3 4 padham,uthiradam 2 3 4 padham,thualam,magaram,1,0,0,1,0,0,1,1,1,1,0
chithirai 3 4 padham,thiruvonam,thualam,magaram,1,0,0,1,1,0,1,1,1,1,1
chithirai 3 4 padham,avitam 1 2 padham,thualam,magaram,0,0,0,0,0,0,0,0,0,0,0
chithirai 3 4 padham,avitam 3 4 padam,thualam,kumbam,0,0,0,0,0,0,0,0,0,0,0
chithirai 3 4 padham,sathayam,thualam,kumbam,1,1,0,1,1,0,1,0,1,1,1
chithirai 3 4 padham,pooratadhi 1 2 3 padham,thualam,kumbam,0,0,0,1,1,0,1,0,1,1,0
chithirai 3 4 padham,pooratadhi 4 padham,thualam,meenam,0,0,0,1,1,0,1,0,1,1,0
chithirai 3 4 padham,uthiraithadhi,thualam,meenam,0,0,0,1,1,0,1,0,1,1,0
chithirai 3 4 padham,revathi,thualam,meenam,0,0,0,1,1,0,1,0,1,1,0
swathi,aswini,thualam,mesam,0,1,0,1,0,1,1,0,1,1,0
swathi,bharani,thualam,mesam,1,1,0,1,1,1,1,0,1,1,1
swathi,karthigai 1 padham,thualam,mesam,0,1,0,1,1,1,1,0,1,1,1
swathi,karthigai 2 3 4 padham,thualam,rishabam,0,1,0,1,1,0,1,0,1,1,0
swathi,rohini,thualam,rishabam,0,0,0,0,0,0,0,0,0,0,0
swathi,mirugasirisham 1 2 padham,thualam,rishabam,1,1,0,1,1,0,1,0,1,1,1
swathi,mirugasirisham 3 4 padham,thualam,mithunam,1,1,0,1,1,1,1,0,1,1,1
swathi,thiruvadhirai,thualam,mithunam,0,0,0,0,0,0,0,0,0,0,0
swathi,poonarpusham 1 2 3 padham,thualam,mithunam,1,1,0,1,1,1,1,0,1,1,1
swathi,poonarpusham 4 padham,thualam,kadagam,1,1,0,1,1,1,0,0,1,1,1
swathi,poosam,thualam,kadagam,0,1,0,1,1,1,0,0,1,1,0
swathi,ayilyam,thualam,kadagam,1,1,1,1,1,1,0,0,1,1,1
swathi,magam,thualam,simmam,0,1,0,1,1,1,0,0,1,1,0
swathi,pooram,thualam,simmam,1,1,0,1,1,1,0,0,1,1,1
swathi,uthiram 1 padham,thualam,simmam,0,1,1,1,1,1,0,0,1,1,1
swathi,uthiram 2 3 4 padham,thualam,kanni,0,1,1,1,1,1,0,0,1,1,1
swathi,astham,thualam,kanni,0,0,0,0,0,0,0,0,0,0,0
swathi,chithirai 1 2padham,thualam,kanni,1,1,0,1,1,1,1,0,1,1,1
swathi,chithirai 3 4 padham,thualam,thualam,1,1,0,1,1,1,1,0,1,1,1
swathi,swathi,thualam,thualam,0,0,0,0,0,0,0,0,0,0,0
swathi,visagam 1 2 3 padham,thualam,thualam,1,1,0,0,1,1,1,0,1,1,1
swathi,visagam 4 padham,thualam,viruchagam,1,1,0,0,1,0,1,0,1,1,0
swathi,anusam,thualam,viruchagam,0,1,0,0,1,0,1,0,1,1,0
swathi,kettai,thualam,viruchagam,1,1,1,0,1,0,1,0,1,1,1
swathi,moolam,thualam,dhanush,0,1,0,0,1,0,1,0,1,1,0
swathi,pooradam,thualam,dhanush,1,1,0,0,1,0,1,0,1,1,0
swathi,uthiradam 1 padham,thualam,dhanush,0,1,1,0,1,0,1,0,1,1,0
swathi,uthiradam 2 3 4 padham,thualam,magaram,0,1,1,0,1,0,1,1,1,1,1
swathi,thiruvonam,thualam,magaram,0,0,0,0,0,0,0,0,0,0,0
swathi,avitam 1 2 padham,thualam,magaram,1,1,0,1,1,0,1,1,1,1,1
swathi,avitam 3 4 padam,thualam,kumbam,1,1,0,1,1,0,1,0,1,1,1
swathi,sathayam,thualam,kumbam,0,0,0,0,0,0,0,0,0,0,0
swathi,pooratadhi 1 2 3 padham,thualam,kumbam,1,1,0,1,1,0,1,0,1,1,1
swathi,pooratadhi 4 padham,thualam,meenam,1,1,0,1,1,0,1,0,1,1,1
swathi,uthiraithadhi,thualam,meenam,0,1,0,1,1,0,1,0,1,1,0
swathi,revathi,thualam,meenam,1,1,1,1,1,0,1,0,1,1,1
visagam 1 2 3 padham,aswini,thualam,mesam,1,0,1,1,1,1,1,0,1,1,1
visagam 1 2 3 padham,bharani,thualam,mesam,0,0,0,1,1,1,1,0,1,1,0
visagam 1 2 3 padham,karthigai 1 padham,thualam,mesam,0,0,0,0,0,0,0,0,0,0,0
visagam 1 2 3 padham,karthigai 2 3 4 padham,thualam,rishabam,0,0,0,0,0,0,0,0,0,0,0
visagam 1 2 3 padham,rohini,thualam,rishabam,0,0,1,1,1,0,1,0,1,1,0
visagam 1 2 3 padham,mirugasirisham 1 2 padham,thualam,rishabam,1,0,0,1,1,0,1,0,1,1,0
visagam 1 2 3 padham,mirugasirisham 3 4 padham,thualam,mithunam,1,0,0,1,1,1,1,0,1,1,1
visagam 1 2 3 padham,thiruvadhirai,thualam,mithunam,1,0,0,1,1,1,1,0,1,1,1
visagam 1 2 3 padham,poonarpusham 1 2 3 padham,thualam,mithunam,0,0,0,0,0,0,0,0,0,0,0
visagam 1 2 3 padham,poonarpusham 4 padham,thualam,kadagam,0,0,0,0,0,0,0,0,0,0,0
visagam 1 2 3 padham,poosam,thualam,kadagam,1,0,0,1,1,1,0,0,1,1,0
visagam 1 2 3 padham,ayilyam,thualam,kadagam,0,1,0,1,1,1,0,0,1,1,0
visagam 1 2 3 padham,magam,thualam,simmam,1,1,1,1,1,1,0,0,1,1,1
visagam 1 2 3 padham,pooram,thualam,simmam,0,0,0,1,1,1,0,0,1,1,0
visagam 1 2 3 padham,uthiram 1 padham,thualam,simmam,0,0,0,0,0,0,0,0,0,0,0
visagam 1 2 3 padham,uthiram 2 3 4 padham,thualam,kanni,0,0,0,0,0,0,0,0,0,0,0
visagam 1 2 3 padham,astham,thualam,kanni,0,0,1,1,1,1,1,0,1,1,1
visagam 1 2 3 padham,chithirai 1 2padham,thualam,kanni,1,1,0,1,1,1,1,0,1,1,1
visagam 1 2 3 padham,chithirai 3 4 padham,thualam,thualam,1,1,0,1,1,1,1,0,1,1,1
visagam 1 2 3 padham,swathi,thualam,thualam,1,0,0,1,1,1,1,0,1,1,1
visagam 1 2 3 padham,visagam 1 2 3 padham,thualam,thualam,0,0,0,0,0,0,0,0,0,0,0
visagam 1 2 3 padham,visagam 4 padham,thualam,viruchagam,0,0,0,0,0,0,0,0,0,0,0
visagam 1 2 3 padham,anusam,thualam,viruchagam,1,0,0,0,1,0,1,0,1,1,0
visagam 1 2 3 padham,kettai,thualam,viruchagam,0,1,0,0,1,0,1,0,1,1,0
visagam 1 2 3 padham,moolam,thualam,dhanush,1,1,1,0,1,0,1,0,1,1,1
visagam 1 2 3 padham,pooradam,thualam,dhanush,0,0,0,0,1,0,1,0,1,1,0
visagam 1 2 3 padham,uthiradam 1 padham,thualam,dhanush,0,0,0,0,0,0,0,0,0,0,0
visagam 1 2 3 padham,uthiradam 2 3 4 padham,thualam,magaram,0,0,0,0,0,0,0,0,0,0,0
visagam 1 2 3 padham,thiruvonam,thualam,magaram,0,0,1,1,1,0,1,1,1,1,1
visagam 1 2 3 padham,avitam 1 2 padham,thualam,magaram,1,1,0,1,1,0,1,1,1,1,1
visagam 1 2 3 padham,avitam 3 4 padam,thualam,kumbam,1,1,0,1,1,0,1,0,1,1,1
visagam 1 2 3 padham,sathayam,thualam,kumbam,1,1,0,1,1,0,1,0,1,1,1
visagam 1 2 3 padham,pooratadhi 1 2 3 padham,thualam,kumbam,0,0,0,0,0,0,0,0,0,0,0
visagam 1 2 3 padham,pooratadhi 4 padham,thualam,meenam,0,0,0,0,0,0,0,0,0,0,0
visagam 1 2 3 padham,uthiraithadhi,thualam,meenam,1,0,0,1,0,0,1,0,1,1,0
visagam 1 2 3 padham,revathi,thualam,meenam,0,0,0,1,1,0,1,0,1,1,0
visagam 4 padham,aswini,viruchagam,mesam,1,0,1,1,1,0,1,0,1,1,1
visagam 4 padham,bharani,viruchagam,mesam,0,0,0,1,1,0,1,0,1,1,0
visagam 4 padham,karthigai 1 padham,viruchagam,mesam,0,0,0,0,0,0,0,0,0,0,0
visagam 4 padham,karthigai 2 3 4 padham,viruchagam,rishabam,0,0,0,0,0,0,0,0,0,0,0
visagam 4 padham,rohini,viruchagam,rishabam,0,0,1,1,1,1,1,0,1,1,1
visagam 4 padham,mirugasirisham 1 2 padham,viruchagam,rishabam,1,0,0,1,1,1,1,0,1,1,1
visagam 4 padham,mirugasirisham 3 4 padham,viruchagam,mithunam,1,0,0,1,1,0,0,0,1,1,0
visagam 4 padham,thiruvadhirai,viruchagam,mithunam,1,0,0,1,1,0,0,0,1,1,0
visagam 4 padham,poonarpusham 1 2 3 padham,viruchagam,mithunam,0,0,0,0,0,0,0,0,0,0,0
visagam 4 padham,poonarpusham 4 padham,viruchagam,kadagam,0,0,0,0,0,0,0,0,0,0,0
visagam 4 padham,poosam,viruchagam,kadagam,1,0,0,1,1,1,1,1,1,1,1
visagam 4 padham,ayilyam,viruchagam,kadagam,0,1,0,1,1,1,1,1,1,1,1
visagam 4 padham,magam,viruchagam,simmam,1,1,1,1,1,1,1,1,1,1,1
visagam 4 padham,pooram,viruchagam,simmam,0,0,0,1,1,1,1,0,1,1,0
visagam 4 padham,uthiram 1 padham,viruchagam,simmam,0,0,0,0,0,0,0,0,0,0,0
visagam 4 padham,uthiram 2 3 4 padham,viruchagam,kanni,0,0,0,0,0,0,0,0,0,0,0
visagam 4 padham,astham,viruchagam,kanni,0,0,1,1,1,1,0,1,1,1,1
visagam 4 padham,chithirai 1 2padham,viruchagam,kanni,1,0,1,1,1,1,0,1,1,1,1
visagam 4 padham,chithirai 3 4 padham,viruchagam,thualam,1,1,0,1,1,1,1,1,1,1,1
visagam 4 padham,swathi,viruchagam,thualam,1,0,0,1,1,1,1,0,1,1,1
visagam 4 padham,visagam 1 2 3 padham,viruchagam,thualam,0,0,0,0,0,0,0,0,0,0,0
visagam 4 padham,visagam 4 padham,viruchagam,viruchagam,0,0,0,0,0,0,0,0,0,0,0
visagam 4 padham,anusam,viruchagam,viruchagam,1,0,0,0,1,1,1,0,1,1,0
visagam 4 padham,kettai,viruchagam,viruchagam,0,1,0,0,1,1,1,0,1,1,0
visagam 4 padham,moolam,viruchagam,dhanush,1,1,1,0,1,0,1,0,1,1,1
visagam 4 padham,pooradam,viruchagam,dhanush,0,0,0,0,1,0,1,0,1,1,0
visagam 4 padham,uthiradam 1 padham,viruchagam,dhanush,0,0,0,0,0,0,0,0,0,0,0
visagam 4 padham,uthiradam 2 3 4 padham,viruchagam,magaram,0,0,0,0,0,0,0,0,0,0,0
visagam 4 padham,thiruvonam,viruchagam,magaram,0,0,1,0,1,0,1,0,1,1,0
visagam 4 padham,avitam 1 2 padham,viruchagam,magaram,1,1,0,1,1,0,1,0,1,1,1
visagam 4 padham,avitam 3 4 padam,viruchagam,kumbam,1,1,0,1,1,0,1,0,1,1,1
visagam 4 padham,sathayam,viruchagam,kumbam,1,1,0,1,1,0,1,0,1,1,1
visagam 4 padham,pooratadhi 1 2 3 padham,viruchagam,kumbam,0,0,0,0,0,0,0,0,0,0,0
visagam 4 padham,pooratadhi 4 padham,viruchagam,meenam,0,0,0,0,0,0,0,0,0,0,0
visagam 4 padham,uthiraithadhi,viruchagam,meenam,1,0,0,1,0,0,1,0,1,1,0
visagam 4 padham,revathi,viruchagam,meenam,0,0,0,1,1,0,1,0,1,1,0
anusam,aswini,viruchagam,mesam,0,1,0,1,1,0,1,0,1,1,0
anusam,bharani,viruchagam,mesam,0,0,0,0,0,0,0,0,0,0,0
anusam,karthigai 1 padham,viruchagam,mesam,0,1,0,1,1,0,1,0,1,1,0
anusam,karthigai 2 3 4 padham,viruchagam,rishabam,0,1,0,1,1,1,1,0,1,1,1
anusam,rohini,viruchagam,rishabam,1,1,0,1,1,1,1,0,1,1,1
anusam,mirugasirisham 1 2 padham,viruchagam,rishabam,0,1,1,1,1,1,1,0,1,1,1
anusam,mirugasirisham 3 4 padham,viruchagam,mithunam,0,1,1,1,1,0,0,0,1,1,0
anusam,thiruvadhirai,viruchagam,mithunam,1,1,0,1,0,0,0,0,1,1,0
anusam,poonarpusham 1 2 3 padham,viruchagam,mithunam,1,1,0,1,1,0,0,0,1,1,0
anusam,poonarpusham 4 padham,viruchagam,kadagam,1,1,0,1,1,1,1,1,1,1,1
anusam,poosam,viruchagam,kadagam,0,0,0,0,0,0,0,0,0,0,0
anusam,ayilyam,viruchagam,kadagam,1,1,0,1,1,1,1,1,1,1,1
anusam,magam,viruchagam,simmam,0,1,0,1,1,1,1,0,1,1,1
anusam,pooram,viruchagam,simmam,0,0,0,0,0,0,0,0,0,0,0
anusam,uthiram 1 padham,viruchagam,simmam,0,1,0,1,1,1,1,0,1,1,1
anusam,uthiram 2 3 4 padham,viruchagam,kanni,0,1,0,1,1,1,0,1,1,1,1
anusam,astham,viruchagam,kanni,1,1,0,1,1,1,0,1,1,1,1
anusam,chithirai 1 2padham,viruchagam,kanni,0,1,1,1,1,1,0,1,1,1,1
anusam,chithirai 3 4 padham,viruchagam,thualam,0,1,1,1,1,1,1,0,1,1,1
anusam,swathi,viruchagam,thualam,1,1,0,1,1,1,1,0,1,1,1
anusam,visagam 1 2 3 padham,viruchagam,thualam,1,1,0,1,1,1,1,0,1,1,1
anusam,visagam 4 padham,viruchagam,viruchagam,1,1,0,1,1,1,1,0,1,1,1
anusam,anusam,viruchagam,viruchagam,0,0,0,0,0,0,0,0,0,0,0
anusam,kettai,viruchagam,viruchagam,1,1,0,0,1,1,1,0,1,1,1
anusam,moolam,viruchagam,dhanush,0,1,0,0,0,0,1,0,1,1,0
anusam,pooradam,viruchagam,dhanush,0,0,0,0,0,0,0,0,0,0,0
anusam,uthiradam 1 padham,viruchagam,dhanush,0,1,0,0,1,0,1,0,1,1,0
anusam,uthiradam 2 3 4 padham,viruchagam,magaram,0,1,0,0,1,0,1,0,1,1,0
anusam,thiruvonam,viruchagam,magaram,1,1,0,0,1,0,1,0,1,1,0
anusam,avitam 1 2 padham,viruchagam,magaram,0,1,1,0,1,0,1,0,1,1,0
anusam,avitam 3 4 padam,viruchagam,kumbam,0,1,1,0,1,0,1,0,1,1,0
anusam,sathayam,viruchagam,kumbam,1,1,0,1,1,0,1,0,1,1,1
anusam,pooratadhi 1 2 3 padham,viruchagam,kumbam,1,1,0,1,1,0,1,0,1,1,1
anusam,pooratadhi 4 padham,viruchagam,meenam,1,1,0,1,1,0,1,0,1,1,1
anusam,uthiraithadhi,viruchagam,meenam,0,0,0,0,0,0,0,0,0,0,0
anusam,revathi,viruchagam,meenam,1,1,0,1,1,0,1,0,1,1,1
kettai,aswini,viruchagam,mesam,0,0,0,0,0,0,0,0,0,0,0
kettai,bharani,viruchagam,mesam,0,0,0,1,1,0,1,0,1,1,0
kettai,karthigai 1 padham,viruchagam,mesam,1,1,1,1,1,0,1,0,1,1,1
kettai,karthigai 2 3 4 padham,viruchagam,rishabam,1,1,1,1,1,1,1,0,1,1,1
kettai,rohini,viruchagam,rishabam,0,0,0,1,1,1,1,0,1,1,0
kettai,mirugasirisham 1 2 padham,viruchagam,rishabam,0,0,0,1,1,1,1,0,1,1,0
kettai,mirugasirisham 3 4 padham,viruchagam,mithunam,0,0,0,1,1,0,0,0,1,1,0
kettai,thiruvadhirai,viruchagam,mithunam,0,0,1,1,0,0,0,0,1,1,0
kettai,poonarpusham 1 2 3 padham,viruchagam,mithunam,1,0,0,1,1,0,0,0,1,1,0
kettai,poonarpusham 4 padham,viruchagam,kadagam,1,0,0,1,1,1,1,1,1,1,1
kettai,poosam,viruchagam,kadagam,1,0,0,1,1,1,1,1,1,1,1
kettai,ayilyam,viruchagam,kadagam,0,0,0,0,0,0,0,0,0,0,0
kettai,magam,viruchagam,simmam,0,0,0,0,0,0,0,0,0,0,0
kettai,pooram,viruchagam,simmam,0,0,0,1,1,1,1,0,1,1,0
kettai,uthiram 1 padham,viruchagam,simmam,1,0,1,1,1,1,1,0,1,1,1
kettai,uthiram 2 3 4 padham,viruchagam,kanni,1,0,1,1,1,1,0,1,1,1,1
kettai,astham,viruchagam,kanni,0,0,0,1,1,1,0,1,1,1,0
kettai,chithirai 1 2padham,viruchagam,kanni,1,1,0,1,1,1,0,1,1,1,1
kettai,chithirai 3 4 padham,viruchagam,thualam,1,1,0,1,1,1,1,0,1,1,1
kettai,swathi,viruchagam,thualam,0,0,1,1,1,1,1,0,1,1,1
kettai,visagam 1 2 3 padham,viruchagam,thualam,1,1,0,1,1,1,0,1,1,1,1
kettai,visagam 4 padham,viruchagam,viruchagam,1,1,0,1,1,1,1,0,1,1,1
kettai,anusam,viruchagam,viruchagam,1,0,0,1,1,1,1,0,1,1,1
kettai,kettai,viruchagam,viruchagam,0,0,0,0,0,0,0,0,0,0,0
kettai,moolam,viruchagam,dhanush,0,0,0,0,0,0,0,0,0,0,0
kettai,pooradam,viruchagam,dhanush,0,0,0,0,1,0,1,0,1,1,0
kettai,uthiradam 1 padham,viruchagam,dhanush,1,0,1,0,1,0,1,0,1,1,0
kettai,uthiradam 2 3 4 padham,viruchagam,magaram,1,0,1,0,1,0,1,0,1,1,0
kettai,thiruvonam,viruchagam,magaram,0,0,0,0,1,0,1,0,1,1,0
kettai,avitam 1 2 padham,viruchagam,magaram,1,1,0,0,1,0,1,0,1,1,0
kettai,avitam 3 4 padam,viruchagam,kumbam,1,1,0,0,1,0,1,0,1,1,0
kettai,sathayam,viruchagam,kumbam,0,1,1,0,1,0,1,0,1,1,0
kettai,pooratadhi 1 2 3 padham,viruchagam,kumbam,0,0,0,1,1,0,1,0,1,1,0
kettai,pooratadhi 4 padham,viruchagam,meenam,1,0,0,1,1,0,1,0,1,1,0
kettai,uthiraithadhi,viruchagam,meenam,1,0,0,0,1,0,1,0,1,1,0
kettai,revathi,viruchagam,meenam,0,0,0,0,0,0,0,0,0,0,0
moolam,aswini,dhanush,mesam,0,0,0,0,0,0,0,0,0,0,0
moolam,bharani,dhanush,mesam,1,0,0,1,1,0,1,0,1,1,0
moolam,karthigai 1 padham,dhanush,mesam,0,1,0,1,1,0,1,0,1,1,0
moolam,karthigai 2 3 4 padham,dhanush,rishabam,0,1,0,1,1,0,0,0,1,1,0
moolam,rohini,dhanush,rishabam,1,0,1,1,1,0,0,0,1,1,0
moolam,mirugasirisham 1 2 padham,dhanush,rishabam,0,0,0,1,1,0,0,0,1,1,0
moolam,mirugasirisham 3 4 padham,dhanush,mithunam,0,0,0,1,1,1,0,0,1,1,0
moolam,thiruvadhirai,dhanush,mithunam,1,0,0,1,1,1,0,0,1,1,0
moolam,poonarpusham 1 2 3 padham,dhanush,mithunam,0,0,1,1,0,1,0,0,1,1,0
moolam,poonarpusham 4 padham,dhanush,kadagam,0,0,1,1,0,0,1,0,1,1,0
moolam,poosam,dhanush,kadagam,1,0,0,1,1,1,1,0,1,1,1
moolam,ayilyam,dhanush,kadagam,0,0,0,0,0,0,0,0,0,0,0
moolam,magam,dhanush,simmam,0,0,0,0,0,0,0,0,0,0,0
moolam,pooram,dhanush,simmam,1,0,0,1,1,1,1,0,1,1,1
moolam,uthiram 1 padham,dhanush,simmam,0,0,0,1,1,1,1,0,1,1,0
moolam,uthiram 2 3 4 padham,dhanush,kanni,0,0,0,1,1,1,0,0,1,1,0
moolam,astham,dhanush,kanni,1,0,1,1,1,1,1,0,1,1,1
moolam,chithirai 1 2padham,dhanush,kanni,0,1,0,1,1,1,0,0,1,1,0
moolam,chithirai 3 4 padham,dhanush,thualam,0,1,0,1,1,1,0,0,1,1,0
moolam,swathi,dhanush,thualam,1,0,0,1,1,1,0,0,1,1,0
moolam,visagam 1 2 3 padham,dhanush,thualam,0,1,1,1,1,1,0,0,1,1,1
moolam,visagam 4 padham,dhanush,viruchagam,0,1,1,1,1,1,1,0,1,1,1
moolam,anusam,dhanush,viruchagam,1,0,0,1,0,1,1,0,1,1,0
moolam,kettai,dhanush,viruchagam,0,0,0,0,0,0,0,0,0,0,0
moolam,moolam,dhanush,dhanush,0,0,0,0,0,0,0,0,0,0,0
moolam,pooradam,dhanush,dhanush,1,0,0,0,1,1,1,0,1,1,0
moolam,uthiradam 1 padham,dhanush,dhanush,0,0,0,0,1,1,1,0,1,1,0
moolam,uthiradam 2 3 4 padham,dhanush,magaram,0,0,0,0,1,0,1,0,1,1,0
moolam,thiruvonam,dhanush,magaram,1,0,1,0,1,0,1,0,1,1,0
moolam,avitam 1 2 padham,dhanush,magaram,0,1,0,0,1,0,1,0,1,1,0
moolam,avitam 3 4 padam,dhanush,kumbam,0,1,0,0,1,0,1,0,1,1,0
moolam,sathayam,dhanush,kumbam,1,1,0,0,1,0,1,0,1,1,0
moolam,pooratadhi 1 2 3 padham,dhanush,kumbam,0,0,1,0,1,0,1,0,1,1,0
moolam,pooratadhi 4 padham,dhanush,meenam,0,0,1,0,1,0,1,1,1,1,0
moolam,uthiraithadhi,dhanush,meenam,1,0,0,1,1,0,1,1,1,1,1
moolam,revathi,dhanush,meenam,0,0,0,0,0,0,0,0,0,0,0
pooradam,aswini,dhanush,mesam,1,1,0,1,1,0,1,0,1,1,1
pooradam,bharani,dhanush,mesam,0,0,0,0,0,0,0,0,0,0,0
pooradam,karthigai 1 padham,dhanush,mesam,1,1,0,1,0,0,1,0,1,1,0
pooradam,karthigai 2 3 4 padham,dhanush,rishabam,1,1,0,1,0,0,0,0,1,1,0
pooradam,rohini,dhanush,rishabam,0,1,0,1,1,0,0,0,1,1,0
pooradam,mirugasirisham 1 2 padham,dhanush,rishabam,1,1,1,1,1,0,0,0,1,1,1
pooradam,mirugasirisham 3 4 padham,dhanush,mithunam,1,1,1,1,1,1,0,0,1,1,1
pooradam,thiruvadhirai,dhanush,mithunam,0,1,0,1,1,1,0,0,1,1,0
pooradam,poonarpusham 1 2 3 padham,dhanush,mithunam,1,1,0,1,1,1,0,0,1,1,1
pooradam,poonarpusham 4 padham,dhanush,kadagam,1,1,0,1,1,0,1,0,1,1,1
pooradam,poosam,dhanush,kadagam,0,0,0,0,0,0,0,0,0,0,0
pooradam,ayilyam,dhanush,kadagam,1,1,0,1,1,0,1,0,1,1,1
pooradam,magam,dhanush,simmam,1,1,0,1,1,1,1,0,1,1,1
pooradam,pooram,dhanush,simmam,0,0,0,0,0,0,0,0,0,0,0
pooradam,uthiram 1 padham,dhanush,simmam,1,1,0,1,1,1,1,0,1,1,1
pooradam,uthiram 2 3 4 padham,dhanush,kanni,1,1,0,1,1,1,0,0,1,1,1
pooradam,astham,dhanush,kanni,0,1,0,1,1,1,0,0,1,1,0
pooradam,chithirai 1 2padham,dhanush,kanni,1,1,1,1,1,1,0,0,1,1,1
pooradam,chithirai 3 4 padham,dhanush,thualam,1,1,1,1,1,1,0,0,1,1,1
pooradam,swathi,dhanush,thualam,0,1,0,1,1,1,0,0,1,1,0
pooradam,visagam 1 2 3 padham,dhanush,thualam,1,1,0,1,1,1,0,0,1,1,1
pooradam,visagam 4 padham,dhanush,viruchagam,1,1,0,1,1,1,1,0,1,1,1
pooradam,anusam,dhanush,viruchagam,0,0,0,0,0,0,0,0,0,0,0
pooradam,kettai,dhanush,viruchagam,1,1,0,1,1,1,1,0,1,1,1
pooradam,moolam,dhanush,dhanush,1,0,0,0,1,0,1,0,1,1,0
pooradam,pooradam,dhanush,dhanush,0,0,0,0,0,0,0,0,0,0,0
pooradam,uthiradam 1 padham,dhanush,dhanush,1,1,0,0,1,1,1,0,1,1,1
pooradam,uthiradam 2 3 4 padham,dhanush,magaram,1,1,0,0,1,0,1,0,1,1,0
pooradam,thiruvonam,dhanush,magaram,0,1,0,0,1,0,1,0,1,1,0
pooradam,avitam 1 2 padham,dhanush,magaram,1,1,1,0,1,0,1,0,1,1,1
pooradam,avitam 3 4 padam,dhanush,kumbam,1,1,1,0,1,0,1,0,1,1,1
pooradam,sathayam,dhanush,kumbam,0,1,0,0,1,0,1,0,1,1,0
pooradam,pooratadhi 1 2 3 padham,dhanush,kumbam,1,1,0,0,1,0,1,0,1,1,0
pooradam,pooratadhi 4 padham,dhanush,meenam,1,1,0,0,1,0,1,1,1,1,1
pooradam,uthiraithadhi,dhanush,meenam,0,0,0,0,0,0,0,0,0,0,0
pooradam,revathi,dhanush,meenam,1,1,0,1,1,0,1,1,1,1,1
uthiradam 1 padham,aswini,dhanush,mesam,1,1,0,1,1,0,1,0,1,1,1
uthiradam 1 padham,bharani,dhanush,mesam,1,1,0,1,1,0,1,0,1,1,1
uthiradam 1 padham,karthigai 1 padham,dhanush,mesam,0,0,0,0,0,0,0,0,0,0,0
uthiradam 1 padham,karthigai 2 3 4 padham,dhanush,rishabam,0,0,0,0,0,0,0,0,0,0,0
uthiradam 1 padham,rohini,dhanush,rishabam,1,1,0,1,1,0,0,0,1,1,0
uthiradam 1 padham,mirugasirisham 1 2 padham,dhanush,rishabam,0,1,0,1,1,0,0,0,1,1,0
uthiradam 1 padham,mirugasirisham 3 4 padham,dhanush,mithunam,0,1,0,1,1,1,0,0,1,1,0
uthiradam 1 padham,thiruvadhirai,dhanush,mithunam,1,1,1,1,1,1,0,0,1,1,1
uthiradam 1 padham,poonarpusham 1 2 3 padham,dhanush,mithunam,0,0,0,0,0,0,0,0,0,0,0
uthiradam 1 padham,poonarpusham 4 padham,dhanush,kadagam,0,0,0,0,0,0,0,0,0,0,0
uthiradam 1 padham,poosam,dhanush,kadagam,1,1,0,1,1,0,1,0,1,1,1
uthiradam 1 padham,ayilyam,dhanush,kadagam,0,1,1,1,1,0,1,0,1,1,1
uthiradam 1 padham,magam,dhanush,simmam,1,1,0,1,1,1,1,0,1,1,1
uthiradam 1 padham,pooram,dhanush,simmam,1,1,0,1,1,1,1,0,1,1,1
uthiradam 1 padham,uthiram 1 padham,dhanush,simmam,0,0,0,0,0,0,0,0,0,0,0
uthiradam 1 padham,uthiram 2 3 4 padham,dhanush,kanni,0,0,0,0,0,0,0,0,0,0,0
uthiradam 1 padham,astham,dhanush,kanni,1,1,0,1,1,1,0,0,1,1,1
uthiradam 1 padham,chithirai 1 2padham,dhanush,kanni,0,1,0,1,0,1,0,0,1,1,0
uthiradam 1 padham,chithirai 3 4 padham,dhanush,thualam,0,1,0,1,0,1,0,0,1,1,0
uthiradam 1 padham,swathi,dhanush,thualam,1,1,1,1,1,1,0,0,1,1,1
uthiradam 1 padham,visagam 1 2 3 padham,dhanush,thualam,0,0,0,0,0,0,0,0,0,0,0
uthiradam 1 padham,visagam 4 padham,dhanush,viruchagam,0,0,0,0,0,0,0,0,0,0,0
uthiradam 1 padham,anusam,dhanush,viruchagam,1,1,0,1,1,1,1,0,1,1,1
uthiradam 1 padham,kettai,dhanush,viruchagam,0,1,1,1,1,1,1,0,1,1,1
uthiradam 1 padham,moolam,dhanush,dhanush,1,1,0,1,1,1,1,0,1,1,1
uthiradam 1 padham,pooradam,dhanush,dhanush,1,1,0,1,1,1,1,0,1,1,1
uthiradam 1 padham,uthiradam 1 padham,dhanush,dhanush,0,1,1,0,1,1,1,0,0,1,0
uthiradam 1 padham,uthiradam 2 3 4 padham,dhanush,magaram,0,1,1,0,1,1,1,0,0,1,0
uthiradam 1 padham,thiruvonam,dhanush,magaram,1,1,0,0,1,0,1,0,1,1,0
uthiradam 1 padham,avitam 1 2 padham,dhanush,magaram,0,1,0,0,1,0,1,0,1,1,0
uthiradam 1 padham,avitam 3 4 padam,dhanush,kumbam,0,1,0,0,1,0,1,0,1,1,0
uthiradam 1 padham,sathayam,dhanush,kumbam,1,1,1,0,1,0,1,0,1,1,1
uthiradam 1 padham,pooratadhi 1 2 3 padham,dhanush,kumbam,0,0,0,0,0,0,0,0,0,0,0
uthiradam 1 padham,pooratadhi 4 padham,dhanush,meenam,0,0,0,0,0,0,0,0,0,0,0
uthiradam 1 padham,uthiraithadhi,dhanush,meenam,1,1,0,0,1,0,1,1,1,1,1
uthiradam 1 padham,revathi,dhanush,meenam,0,1,1,0,1,0,1,1,1,1,1
uthiradam 2 3 4 padham,aswini,magaram,mesam,1,1,0,1,1,0,0,0,1,1,0
uthiradam 2 3 4 padham,bharani,magaram,mesam,1,1,0,1,1,0,0,0,1,1,0
uthiradam 2 3 4 padham,karthigai 1 padham,magaram,mesam,0,0,0,0,0,0,0,0,0,0,0
uthiradam 2 3 4 padham,karthigai 2 3 4 padham,magaram,rishabam,0,0,0,0,0,0,0,0,0,0,0
uthiradam 2 3 4 padham,rohini,magaram,rishabam,1,1,0,1,1,0,1,0,1,1,1
uthiradam 2 3 4 padham,mirugasirisham 1 2 padham,magaram,rishabam,0,1,0,1,1,0,1,0,1,1,0
uthiradam 2 3 4 padham,mirugasirisham 3 4 padham,magaram,mithunam,0,1,0,1,1,0,1,0,1,1,0
uthiradam 2 3 4 padham,thiruvadhirai,magaram,mithunam,1,1,1,1,1,0,1,0,1,1,1
uthiradam 2 3 4 padham,poonarpusham 1 2 3 padham,magaram,mithunam,0,0,0,0,0,0,0,0,0,0,0
uthiradam 2 3 4 padham,poonarpusham 4 padham,magaram,kadagam,0,0,0,0,0,0,0,0,0,0,0
uthiradam 2 3 4 padham,poosam,magaram,kadagam,1,1,0,1,1,1,0,0,1,1,1
uthiradam 2 3 4 padham,ayilyam,magaram,kadagam,0,1,1,1,1,1,0,0,1,1,1
uthiradam 2 3 4 padham,magam,magaram,simmam,1,1,0,1,1,0,0,0,1,1,0
uthiradam 2 3 4 padham,pooram,magaram,simmam,1,1,0,1,1,0,0,0,1,1,0
uthiradam 2 3 4 padham,uthiram 1 padham,magaram,simmam,0,0,0,0,0,0,0,0,0,0,0
uthiradam 2 3 4 padham,uthiram 2 3 4 padham,magaram,kanni,0,0,0,0,0,0,0,0,0,0,0
uthiradam 2 3 4 padham,astham,magaram,kanni,1,1,0,1,1,1,1,0,1,1,1
uthiradam 2 3 4 padham,chithirai 1 2padham,magaram,kanni,0,1,0,1,0,1,1,0,1,1,0
uthiradam 2 3 4 padham,chithirai 3 4 padham,magaram,thualam,0,1,0,1,0,1,1,0,1,1,0
uthiradam 2 3 4 padham,swathi,magaram,thualam,1,1,1,1,1,1,1,0,1,1,1
uthiradam 2 3 4 padham,visagam 1 2 3 padham,magaram,thualam,0,0,0,0,0,0,0,0,0,0,0
uthiradam 2 3 4 padham,visagam 4 padham,magaram,viruchagam,0,0,0,0,0,0,0,0,0,0,0
uthiradam 2 3 4 padham,anusam,magaram,viruchagam,1,1,0,1,1,1,0,0,1,1,1
uthiradam 2 3 4 padham,kettai,magaram,viruchagam,0,1,1,1,1,1,0,0,1,1,1
uthiradam 2 3 4 padham,moolam,magaram,dhanush,1,1,0,1,1,1,1,0,1,1,1
uthiradam 2 3 4 padham,pooradam,magaram,dhanush,1,1,0,1,1,1,1,0,1,1,1
uthiradam 2 3 4 padham,uthiradam 1 padham,magaram,dhanush,0,1,1,0,1,1,1,0,0,1,0
uthiradam 2 3 4 padham,uthiradam 2 3 4 padham,magaram,magaram,0,1,1,0,1,1,1,0,0,1,0
uthiradam 2 3 4 padham,thiruvonam,magaram,magaram,1,1,0,0,1,1,1,0,1,1,1
uthiradam 2 3 4 padham,avitam 1 2 padham,magaram,magaram,0,1,0,0,1,1,1,0,1,1,0
uthiradam 2 3 4 padham,avitam 3 4 padam,magaram,kumbam,0,1,0,0,1,0,1,1,1,1,0
uthiradam 2 3 4 padham,sathayam,magaram,kumbam,1,1,1,0,1,0,1,1,1,1,1
uthiradam 2 3 4 padham,pooratadhi 1 2 3 padham,magaram,kumbam,0,0,0,0,0,0,0,0,0,0,0
uthiradam 2 3 4 padham,pooratadhi 4 padham,magaram,meenam,0,0,0,0,0,0,0,0,0,0,0
uthiradam 2 3 4 padham,uthiraithadhi,magaram,meenam,1,1,0,0,1,0,1,0,1,1,0
uthiradam 2 3 4 padham,revathi,magaram,meenam,0,1,1,0,1,0,1,0,1,1,0
thiruvonam,aswini,magaram,mesam,0,1,1,0,1,0,0,0,1,1,0
thiruvonam,bharani,magaram,mesam,1,1,0,1,1,0,0,0,1,1,0
thiruvonam,karthigai 1 padham,magaram,mesam,1,1,0,1,0,0,0,0,1,1,0
thiruvonam,karthigai 2 3 4 padham,magaram,rishabam,1,1,0,1,0,0,1,0,1,1,0
thiruvonam,rohini,magaram,rishabam,0,0,0,0,0,0,0,0,0,0,0
thiruvonam,mirugasirisham 1 2 padham,magaram,rishabam,1,1,0,1,1,0,1,0,1,1,1
thiruvonam,mirugasirisham 3 4 padham,magaram,mithunam,1,1,0,1,1,1,0,0,1,1,1
thiruvonam,thiruvadhirai,magaram,mithunam,0,0,0,0,0,0,0,0,0,0,0
thiruvonam,poonarpusham 1 2 3 padham,magaram,mithunam,1,1,1,1,1,0,1,0,1,1,1
thiruvonam,poonarpusham 4 padham,magaram,kadagam,1,1,1,1,1,1,0,0,1,1,1
thiruvonam,poosam,magaram,kadagam,0,1,0,1,0,1,0,0,1,1,0
thiruvonam,ayilyam,magaram,kadagam,1,1,0,1,1,1,0,0,1,1,1
thiruvonam,magam,magaram,simmam,0,1,1,1,1,0,0,0,1,1,0
thiruvonam,pooram,magaram,simmam,1,1,0,1,1,0,0,0,1,1,0
thiruvonam,uthiram 1 padham,magaram,simmam,1,1,0,1,1,0,0,0,1,1,0
thiruvonam,uthiram 2 3 4 padham,magaram,kanni,1,1,0,1,1,1,1,0,1,1,1
thiruvonam,astham,magaram,kanni,0,0,0,0,0,0,0,0,0,0,0
thiruvonam,chithirai 1 2padham,magaram,kanni,1,1,0,1,1,1,1,0,1,1,1
thiruvonam,chithirai 3 4 padham,magaram,thualam,1,1,0,1,1,1,1,0,1,1,1
thiruvonam,swathi,magaram,thualam,0,0,0,0,0,0,0,0,0,0,0
thiruvonam,visagam 1 2 3 padham,magaram,thualam,1,1,1,1,1,1,1,0,1,1,1
thiruvonam,visagam 4 padham,magaram,viruchagam,1,1,1,1,1,1,0,0,1,1,1
thiruvonam,anusam,magaram,viruchagam,0,1,0,1,1,1,0,0,1,1,0
thiruvonam,kettai,magaram,viruchagam,1,1,0,1,1,1,0,0,1,1,1
thiruvonam,moolam,magaram,dhanush,0,1,1,1,1,1,1,0,1,1,1
thiruvonam,pooradam,magaram,dhanush,1,1,0,1,1,1,1,0,1,1,1
thiruvonam,uthiradam 1 padham,magaram,dhanush,1,1,0,1,1,1,1,0,1,1,1
thiruvonam,uthiradam 2 3 4 padham,magaram,magaram,1,1,0,1,1,1,1,0,1,1,1
thiruvonam,thiruvonam,magaram,magaram,0,1,1,0,1,1,1,0,0,1,0
thiruvonam,avitam 1 2 padham,magaram,magaram,1,1,0,0,1,1,1,0,1,1,1
thiruvonam,avitam 3 4 padam,magaram,kumbam,1,1,0,0,1,0,1,1,1,1,1
thiruvonam,sathayam,magaram,kumbam,0,0,0,0,0,0,0,0,0,0,0
thiruvonam,pooratadhi 1 2 3 padham,magaram,kumbam,1,1,1,0,1,1,1,1,1,1,1
thiruvonam,pooratadhi 4 padham,magaram,meenam,1,1,1,0,1,0,1,0,1,1,1
thiruvonam,uthiraithadhi,magaram,meenam,0,1,0,0,1,0,1,0,1,1,0
thiruvonam,revathi,magaram,meenam,1,1,0,0,1,0,1,0,1,1,0
avitam 1 2 padham,aswini,magaram,mesam,1,0,0,0,1,0,0,0,1,1,0
avitam 1 2 padham,bharani,magaram,mesam,0,0,1,0,0,0,0,0,1,1,0
avitam 1 2 padham,karthigai 1 padham,magaram,mesam,1,1,0,1,1,0,0,0,1,1,0
avitam 1 2 padham,karthigai 2 3 4 padham,magaram,rishabam,1,1,0,1,1,0,0,0,1,1,0
avitam 1 2 padham,rohini,magaram,rishabam,1,0,0,1,1,0,1,0,1,1,0
avitam 1 2 padham,mirugasirisham 1 2 padham,magaram,rishabam,0,0,0,0,0,0,0,0,0,0,0
avitam 1 2 padham,mirugasirisham 3 4 padham,magaram,mithunam,0,0,0,0,0,0,0,0,0,0,0
avitam 1 2 padham,thiruvadhirai,magaram,mithunam,1,0,0,1,1,0,1,0,1,1,0
avitam 1 2 padham,poonarpusham 1 2 3 padham,magaram,mithunam,0,0,0,1,1,0,1,0,1,1,0
avitam 1 2 padham,poonarpusham 4 padham,magaram,kadagam,0,0,0,1,1,1,0,0,1,1,0
avitam 1 2 padham,poosam,magaram,kadagam,1,0,1,1,1,1,0,0,1,1,1
avitam 1 2 padham,ayilyam,magaram,kadagam,0,1,0,1,1,1,0,0,1,1,0
avitam 1 2 padham,magam,magaram,simmam,1,1,0,1,1,0,0,0,1,1,0
avitam 1 2 padham,pooram,magaram,simmam,0,0,1,1,1,0,0,0,1,1,0
avitam 1 2 padham,uthiram 1 padham,magaram,simmam,1,0,0,1,1,0,0,0,1,1,0
avitam 1 2 padham,uthiram 2 3 4 padham,magaram,kanni,1,1,0,1,1,1,1,0,1,1,1
avitam 1 2 padham,astham,magaram,kanni,1,0,0,1,1,1,1,0,1,1,1
avitam 1 2 padham,chithirai 1 2padham,magaram,kanni,0,0,0,0,0,0,0,0,0,0,0
avitam 1 2 padham,chithirai 3 4 padham,magaram,thualam,0,0,0,0,0,0,0,0,0,0,0
avitam 1 2 padham,swathi,magaram,thualam,1,0,0,1,1,1,1,0,1,1,1
avitam 1 2 padham,visagam 1 2 3 padham,magaram,thualam,0,1,0,1,1,1,1,0,1,1,1
avitam 1 2 padham,visagam 4 padham,magaram,viruchagam,0,1,0,1,1,1,1,0,1,1,1
avitam 1 2 padham,anusam,magaram,viruchagam,1,0,1,1,1,1,0,0,1,1,1
avitam 1 2 padham,kettai,magaram,viruchagam,0,1,0,1,1,1,0,0,1,1,0
avitam 1 2 padham,moolam,magaram,dhanush,1,1,0,1,1,1,1,0,1,1,1
avitam 1 2 padham,pooradam,magaram,dhanush,0,0,1,1,1,1,1,0,1,1,1
avitam 1 2 padham,uthiradam 1 padham,magaram,dhanush,1,0,0,1,1,1,1,0,1,1,1
avitam 1 2 padham,uthiradam 2 3 4 padham,magaram,magaram,1,1,0,1,1,1,1,0,1,1,1
avitam 1 2 padham,thiruvonam,magaram,magaram,1,0,0,1,1,1,1,0,1,1,1
avitam 1 2 padham,avitam 1 2 padham,magaram,magaram,0,0,0,0,0,0,0,0,0,0,0
avitam 1 2 padham,avitam 3 4 padam,magaram,kumbam,0,0,0,0,0,0,0,0,0,0,0
avitam 1 2 padham,sathayam,magaram,kumbam,1,1,0,0,1,0,1,1,1,1,1
avitam 1 2 padham,pooratadhi 1 2 3 padham,magaram,kumbam,0,0,0,0,1,0,1,1,1,1,0
avitam 1 2 padham,pooratadhi 4 padham,magaram,meenam,0,0,0,0,1,0,1,0,1,1,0
avitam 1 2 padham,uthiraithadhi,magaram,meenam,1,0,1,0,1,0,1,0,1,1,0
avitam 1 2 padham,revathi,magaram,meenam,0,0,0,0,0,0,1,0,1,1,0
avitam 3 4 padam,aswini,kumbam,mesam,1,0,0,0,1,0,0,0,1,1,0
avitam 3 4 padam,bharani,kumbam,mesam,0,0,1,0,0,0,0,0,1,1,0
avitam 3 4 padam,karthigai 1 padham,kumbam,mesam,1,1,0,1,1,0,0,0,1,1,0
avitam 3 4 padam,karthigai 2 3 4 padham,kumbam,rishabam,1,1,0,1,1,0,1,0,1,1,1
avitam 3 4 padam,rohini,kumbam,rishabam,1,0,0,1,1,0,1,0,1,1,0
avitam 3 4 padam,mirugasirisham 1 2 padham,kumbam,rishabam,0,0,0,0,0,0,0,0,0,0,0
avitam 3 4 padam,mirugasirisham 3 4 padham,kumbam,mithunam,0,0,0,0,0,0,0,0,0,0,0
avitam 3 4 padam,thiruvadhirai,kumbam,mithunam,1,0,0,1,1,0,1,0,1,1,0
avitam 3 4 padam,poonarpusham 1 2 3 padham,kumbam,mithunam,0,0,0,1,1,0,1,0,1,1,0
avitam 3 4 padam,poonarpusham 4 padham,kumbam,kadagam,0,0,0,1,1,0,0,0,1,1,0
avitam 3 4 padam,poosam,kumbam,kadagam,1,0,1,1,1,0,0,0,1,1,0
avitam 3 4 padam,ayilyam,kumbam,kadagam,0,1,0,1,1,0,0,0,1,1,0
avitam 3 4 padam,magam,kumbam,simmam,1,1,0,1,1,1,0,0,1,1,1
avitam 3 4 padam,pooram,kumbam,simmam,0,0,1,1,1,1,0,0,1,1,0
avitam 3 4 padam,uthiram 1 padham,kumbam,simmam,1,0,0,1,1,1,0,0,1,1,0
avitam 3 4 padam,uthiram 2 3 4 padham,kumbam,kanni,1,0,0,1,1,0,1,0,1,1,0
avitam 3 4 padam,astham,kumbam,kanni,1,0,0,1,1,0,1,0,1,1,0
avitam 3 4 padam,chithirai 1 2padham,kumbam,kanni,0,0,0,0,0,0,0,0,0,0,0
avitam 3 4 padam,chithirai 3 4 padham,kumbam,thualam,0,0,0,0,0,0,0,0,0,0,0
avitam 3 4 padam,swathi,kumbam,thualam,1,0,0,1,1,1,1,0,1,1,1
avitam 3 4 padam,visagam 1 2 3 padham,kumbam,thualam,0,1,0,1,1,1,1,0,1,1,1
avitam 3 4 padam,visagam 4 padham,kumbam,viruchagam,0,1,0,1,1,1,0,0,1,1,0
avitam 3 4 padam,anusam,kumbam,viruchagam,1,0,1,1,1,1,0,0,1,1,1
avitam 3 4 padam,kettai,kumbam,viruchagam,0,1,0,1,1,1,0,0,1,1,0
avitam 3 4 padam,moolam,kumbam,dhanush,1,1,0,1,1,1,1,0,1,1,1
avitam 3 4 padam,pooradam,kumbam,dhanush,0,0,1,1,1,0,1,0,1,1,0
avitam 3 4 padam,uthiradam 1 padham,kumbam,dhanush,1,0,0,1,1,1,1,0,1,1,1
avitam 3 4 padam,uthiradam 2 3 4 padham,kumbam,magaram,1,1,0,1,1,1,1,0,1,1,1
avitam 3 4 padam,thiruvonam,kumbam,magaram,1,0,0,1,1,1,1,0,1,1,1
avitam 3 4 padam,avitam 1 2 padham,kumbam,magaram,0,0,0,0,0,0,0,0,0,0,0
avitam 3 4 padam,avitam 3 4 padam,kumbam,kumbam,0,0,0,0,0,0,0,0,0,0,0
avitam 3 4 padam,sathayam,kumbam,kumbam,1,1,0,0,1,1,0,1,1,1,1
avitam 3 4 padam,pooratadhi 1 2 3 padham,kumbam,kumbam,0,0,0,0,1,1,1,0,1,1,0
avitam 3 4 padam,pooratadhi 4 padham,kumbam,meenam,0,0,0,0,1,0,1,1,1,1,0
avitam 3 4 padam,uthiraithadhi,kumbam,meenam,1,0,1,0,1,0,1,1,1,1,1
avitam 3 4 padam,revathi,kumbam,meenam,0,0,0,0,0,0,1,1,1,1,0
sathayam,aswini,kumbam,mesam,0,0,0,0,1,0,0,0,1,1,0
sathayam,bharani,kumbam,mesam,1,0,0,0,1,0,0,0,1,1,0
sathayam,karthigai 1 padham,kumbam,mesam,0,1,1,0,1,0,0,0,1,1,0
sathayam,karthigai 2 3 4 padham,kumbam,rishabam,0,1,1,0,1,0,1,0,1,1,0
sathayam,rohini,kumbam,rishabam,0,0,0,0,0,0,0,0,0,0,0
sathayam,mirugasirisham 1 2 padham,kumbam,rishabam,1,0,0,1,1,0,1,0,1,1,0
sathayam,mirugasirisham 3 4 padham,kumbam,mithunam,1,0,0,1,1,0,1,0,1,1,0
sathayam,thiruvadhirai,kumbam,mithunam,0,0,0,0,0,0,0,0,0,0,0
sathayam,poonarpusham 1 2 3 padham,kumbam,mithunam,1,0,0,1,1,0,1,0,1,1,0
sathayam,poonarpusham 4 padham,kumbam,kadagam,1,0,0,1,1,0,0,0,1,1,0
sathayam,poosam,kumbam,kadagam,0,0,0,1,1,0,0,0,1,1,0
sathayam,ayilyam,kumbam,kadagam,1,1,1,1,1,0,0,0,1,1,1
sathayam,magam,kumbam,simmam,0,1,0,1,1,1,0,0,1,1,0
sathayam,pooram,kumbam,simmam,1,0,0,1,1,1,0,0,1,1,0
sathayam,uthiram 1 padham,kumbam,simmam,0,0,1,1,1,1,0,0,1,1,0
sathayam,uthiram 2 3 4 padham,kumbam,kanni,0,0,1,1,1,0,1,0,1,1,0
sathayam,astham,kumbam,kanni,0,0,0,0,0,0,0,0,0,0,0
sathayam,chithirai 1 2padham,kumbam,kanni,1,1,0,1,1,1,1,0,1,1,1
sathayam,chithirai 3 4 padham,kumbam,thualam,1,1,0,1,1,1,1,0,1,1,1
sathayam,swathi,kumbam,thualam,0,0,0,0,0,0,0,0,0,0,0
sathayam,visagam 1 2 3 padham,kumbam,thualam,1,1,0,1,1,1,1,0,1,1,1
sathayam,visagam 4 padham,kumbam,viruchagam,1,1,0,1,1,1,0,0,1,1,1
sathayam,anusam,kumbam,viruchagam,0,0,0,1,1,1,0,0,1,1,0
sathayam,kettai,kumbam,viruchagam,1,1,1,1,1,1,0,0,1,1,1
sathayam,moolam,kumbam,dhanush,0,1,0,1,1,1,1,0,1,1,1
sathayam,pooradam,kumbam,dhanush,1,0,0,1,1,1,1,0,1,1,1
sathayam,uthiradam 1 padham,kumbam,dhanush,0,0,1,1,1,1,1,0,1,1,1
sathayam,uthiradam 2 3 4 padham,kumbam,magaram,0,0,1,1,1,1,1,0,1,1,1
sathayam,thiruvonam,kumbam,magaram,0,0,0,0,0,0,0,0,0,0,0
sathayam,avitam 1 2 padham,kumbam,magaram,1,1,0,1,1,1,1,0,1,1,1
sathayam,avitam 3 4 padam,kumbam,kumbam,1,1,0,1,1,1,1,0,1,1,1
sathayam,sathayam,kumbam,kumbam,0,0,0,0,0,0,0,0,0,0,0
sathayam,pooratadhi 1 2 3 padham,kumbam,kumbam,1,0,0,0,1,1,1,0,1,1,0
sathayam,pooratadhi 4 padham,kumbam,meenam,1,0,0,0,1,0,1,1,1,1,0
sathayam,uthiraithadhi,kumbam,meenam,0,0,0,0,1,0,1,1,1,1,0
sathayam,revathi,kumbam,meenam,1,0,1,0,1,0,1,1,1,1,1
pooratadhi 1 2 3 padham,aswini,kumbam,mesam,1,1,1,0,1,0,0,0,1,1,0
pooratadhi 1 2 3 padham,bharani,kumbam,mesam,0,1,0,0,0,0,0,0,1,1,0
pooratadhi 1 2 3 padham,karthigai 1 padham,kumbam,mesam,0,0,0,0,0,0,0,0,0,0,0
pooratadhi 1 2 3 padham,karthigai 2 3 4 padham,kumbam,rishabam,0,0,0,0,0,0,0,0,0,0,0
pooratadhi 1 2 3 padham,rohini,kumbam,rishabam,0,1,1,0,1,0,1,0,1,1,0
pooratadhi 1 2 3 padham,mirugasirisham 1 2 padham,kumbam,rishabam,1,1,0,1,1,0,1,0,1,1,1
pooratadhi 1 2 3 padham,mirugasirisham 3 4 padham,kumbam,mithunam,1,1,0,1,1,0,1,0,1,1,1
pooratadhi 1 2 3 padham,thiruvadhirai,kumbam,mithunam,1,1,0,1,1,0,1,0,1,1,1
pooratadhi 1 2 3 padham,poonarpusham 1 2 3 padham,kumbam,mithunam,0,0,0,0,0,0,0,0,0,0,0
pooratadhi 1 2 3 padham,poonarpusham 4 padham,kumbam,kadagam,0,0,0,0,0,0,0,0,0,0,0
pooratadhi 1 2 3 padham,poosam,kumbam,kadagam,1,1,0,1,1,0,0,0,1,1,0
pooratadhi 1 2 3 padham,ayilyam,kumbam,kadagam,0,1,0,1,1,0,0,0,1,1,0
pooratadhi 1 2 3 padham,magam,kumbam,simmam,1,1,1,1,1,1,0,0,1,1,1
pooratadhi 1 2 3 padham,pooram,kumbam,simmam,0,1,0,1,1,1,0,0,1,1,0
pooratadhi 1 2 3 padham,uthiram 1 padham,kumbam,simmam,0,0,0,0,0,0,0,0,0,0,0
pooratadhi 1 2 3 padham,uthiram 2 3 4 padham,kumbam,kanni,0,0,0,0,0,0,0,0,0,0,0
pooratadhi 1 2 3 padham,astham,kumbam,kanni,0,1,1,1,1,0,1,0,1,1,1
pooratadhi 1 2 3 padham,chithirai 1 2padham,kumbam,kanni,1,1,0,1,1,0,1,0,1,1,1
pooratadhi 1 2 3 padham,chithirai 3 4 padham,kumbam,thualam,1,1,0,1,1,1,1,0,1,1,1
pooratadhi 1 2 3 padham,swathi,kumbam,thualam,1,1,0,1,1,1,1,0,1,1,1
pooratadhi 1 2 3 padham,visagam 1 2 3 padham,kumbam,thualam,0,0,0,0,0,0,0,0,0,0,0
pooratadhi 1 2 3 padham,visagam 4 padham,kumbam,viruchagam,0,0,0,0,0,0,0,0,0,0,0
pooratadhi 1 2 3 padham,anusam,kumbam,viruchagam,1,1,1,1,1,1,0,0,1,1,1
pooratadhi 1 2 3 padham,kettai,kumbam,viruchagam,0,1,0,1,1,1,0,0,1,1,0
pooratadhi 1 2 3 padham,moolam,kumbam,dhanush,1,1,1,1,1,1,1,0,1,1,1
pooratadhi 1 2 3 padham,pooradam,kumbam,dhanush,0,1,0,1,1,1,1,0,1,1,1
pooratadhi 1 2 3 padham,uthiradam 1 padham,kumbam,dhanush,0,0,0,0,0,0,0,0,0,0,0
pooratadhi 1 2 3 padham,uthiradam 2 3 4 padham,kumbam,magaram,0,0,0,0,0,0,0,0,0,0,0
pooratadhi 1 2 3 padham,thiruvonam,kumbam,magaram,0,1,1,1,1,1,1,0,1,1,1
pooratadhi 1 2 3 padham,avitam 1 2 padham,kumbam,magaram,1,1,0,1,1,1,1,0,1,1,1
pooratadhi 1 2 3 padham,avitam 3 4 padam,kumbam,kumbam,0,1,0,1,1,1,1,0,1,1,1
pooratadhi 1 2 3 padham,sathayam,kumbam,kumbam,0,1,0,1,1,1,1,0,1,1,1
pooratadhi 1 2 3 padham,pooratadhi 1 2 3 padham,kumbam,kumbam,0,0,0,0,0,0,0,0,0,0,0
pooratadhi 1 2 3 padham,pooratadhi 4 padham,kumbam,meenam,0,0,0,0,0,0,0,0,0,0,0
pooratadhi 1 2 3 padham,uthiraithadhi,kumbam,meenam,1,1,0,0,1,0,1,1,1,1,1
pooratadhi 1 2 3 padham,revathi,kumbam,meenam,0,1,0,0,0,0,1,1,1,1,0
pooratadhi 4 padham,aswini,meenam,mesam,1,1,1,0,1,0,1,0,1,1,1
pooratadhi 4 padham,bharani,meenam,mesam,0,1,0,0,0,0,1,0,1,1,0
pooratadhi 4 padham,karthigai 1 padham,meenam,mesam,0,0,0,0,0,0,0,0,0,0,0
pooratadhi 4 padham,karthigai 2 3 4 padham,meenam,rishabam,0,0,0,0,0,0,0,0,0,0,0
pooratadhi 4 padham,rohini,meenam,rishabam,0,1,1,0,1,0,0,0,1,1,0
pooratadhi 4 padham,mirugasirisham 1 2 padham,meenam,rishabam,1,1,0,1,1,0,0,0,1,1,0
pooratadhi 4 padham,mirugasirisham 3 4 padham,meenam,mithunam,1,1,0,1,1,0,0,0,1,1,0
pooratadhi 4 padham,thiruvadhirai,meenam,mithunam,1,1,0,1,1,0,0,0,1,1,0
pooratadhi 4 padham,poonarpusham 1 2 3 padham,meenam,mithunam,0,0,0,0,0,0,0,0,0,0,0
pooratadhi 4 padham,poonarpusham 4 padham,meenam,kadagam,0,0,0,0,0,0,0,0,0,0,0
pooratadhi 4 padham,poosam,meenam,kadagam,1,1,0,1,1,0,1,0,1,1,1
pooratadhi 4 padham,ayilyam,meenam,kadagam,0,1,0,1,1,0,1,0,1,1,0
pooratadhi 4 padham,magam,meenam,simmam,1,1,1,1,1,0,1,0,1,1,1
pooratadhi 4 padham,pooram,meenam,simmam,0,1,0,1,1,0,1,0,1,1,0
pooratadhi 4 padham,uthiram 1 padham,meenam,simmam,0,0,0,0,0,0,0,0,0,0,0
pooratadhi 4 padham,uthiram 2 3 4 padham,meenam,kanni,0,0,0,0,0,0,0,0,0,0,0
pooratadhi 4 padham,astham,meenam,kanni,0,1,1,1,1,1,0,0,1,1,1
pooratadhi 4 padham,chithirai 1 2padham,meenam,kanni,1,1,0,1,1,1,0,0,1,1,1
pooratadhi 4 padham,chithirai 3 4 padham,meenam,thualam,1,1,0,1,1,0,0,0,1,1,0
pooratadhi 4 padham,swathi,meenam,thualam,1,1,0,1,1,0,0,0,1,1,0
pooratadhi 4 padham,visagam 1 2 3 padham,meenam,thualam,0,0,0,0,0,0,0,0,0,0,0
pooratadhi 4 padham,visagam 4 padham,meenam,viruchagam,0,0,0,0,0,0,0,0,0,0,0
pooratadhi 4 padham,anusam,meenam,viruchagam,1,1,0,1,1,1,1,0,1,1,1
pooratadhi 4 padham,kettai,meenam,viruchagam,0,1,0,1,1,1,1,0,1,1,1
pooratadhi 4 padham,moolam,meenam,dhanush,1,1,1,1,1,1,1,0,1,1,1
pooratadhi 4 padham,pooradam,meenam,dhanush,0,1,0,1,1,1,1,0,1,1,1
pooratadhi 4 padham,uthiradam 1 padham,meenam,dhanush,0,0,0,0,0,0,0,0,0,0,0
pooratadhi 4 padham,uthiradam 2 3 4 padham,meenam,magaram,0,0,0,0,0,0,0,0,0,0,0
pooratadhi 4 padham,thiruvonam,meenam,magaram,0,1,1,1,1,1,1,1,1,1,1
pooratadhi 4 padham,avitam 1 2 padham,meenam,magaram,1,1,0,1,1,1,1,1,1,1,1
pooratadhi 4 padham,avitam 3 4 padam,meenam,kumbam,1,1,0,1,1,1,1,0,1,1,1
pooratadhi 4 padham,sathayam,meenam,kumbam,1,1,0,1,1,1,1,0,1,1,1
pooratadhi 4 padham,pooratadhi 1 2 3 padham,meenam,kumbam,0,0,0,0,0,0,0,0,0,0,0
pooratadhi 4 padham,pooratadhi 4 padham,meenam,meenam,0,0,0,0,0,0,0,0,0,0,0
pooratadhi 4 padham,uthiraithadhi,meenam,meenam,1,1,0,0,1,1,1,0,1,1,1
pooratadhi 4 padham,revathi,meenam,meenam,0,1,0,0,0,1,1,0,1,1,0
uthiraithadhi,aswini,meenam,mesam,0,1,0,0,1,0,1,0,1,1,0
uthiraithadhi,bharani,meenam,mesam,0,0,0,0,0,0,0,0,0,0,0
uthiraithadhi,karthigai 1 padham,meenam,mesam,0,1,0,0,1,0,1,0,1,1,0
uthiraithadhi,karthigai 2 3 4 padham,meenam,rishabam,0,1,0,0,1,0,0,0,1,1,0
uthiraithadhi,rohini,meenam,rishabam,1,1,0,0,1,0,0,0,1,1,0
uthiraithadhi,mirugasirisham 1 2 padham,meenam,rishabam,0,1,1,0,1,0,0,0,1,1,0
uthiraithadhi,mirugasirisham 3 4 padham,meenam,mithunam,0,1,1,0,1,0,0,0,1,1,0
uthiraithadhi,thiruvadhirai,meenam,mithunam,1,1,0,1,1,0,0,0,1,1,0
uthiraithadhi,poonarpusham 1 2 3 padham,meenam,mithunam,1,1,0,1,1,0,0,0,1,1,0
uthiraithadhi,poonarpusham 4 padham,meenam,kadagam,1,1,0,1,1,0,1,0,1,1,1
uthiraithadhi,poosam,meenam,kadagam,0,0,0,0,0,0,0,0,0,0,0
uthiraithadhi,ayilyam,meenam,kadagam,1,1,0,1,1,0,1,0,1,1,1
uthiraithadhi,magam,meenam,simmam,0,1,0,1,1,0,1,0,1,1,0
uthiraithadhi,pooram,meenam,simmam,0,0,0,0,0,0,0,0,0,0,0
uthiraithadhi,uthiram 1 padham,meenam,simmam,0,1,0,1,1,0,1,0,1,1,0
uthiraithadhi,uthiram 2 3 4 padham,meenam,kanni,0,1,0,1,1,1,0,0,1,1,0
uthiraithadhi,astham,meenam,kanni,1,1,0,1,1,1,0,0,1,1,1
uthiraithadhi,chithirai 1 2padham,meenam,kanni,0,1,1,1,0,1,0,0,1,1,0
uthiraithadhi,chithirai 3 4 padham,meenam,thualam,0,1,1,1,0,0,0,0,1,1,0
uthiraithadhi,swathi,meenam,thualam,1,1,0,1,1,0,0,0,1,1,0
uthiraithadhi,visagam 1 2 3 padham,meenam,thualam,1,1,0,1,0,0,0,0,1,1,0
uthiraithadhi,visagam 4 padham,meenam,viruchagam,1,1,0,1,0,1,1,0,1,1,1
uthiraithadhi,anusam,meenam,viruchagam,0,0,0,0,0,0,0,0,0,0,0
uthiraithadhi,kettai,meenam,viruchagam,1,1,0,1,1,1,1,0,1,1,1
uthiraithadhi,moolam,meenam,dhanush,0,1,0,1,1,1,1,0,1,1,1
uthiraithadhi,pooradam,meenam,dhanush,0,0,0,0,0,0,0,0,0,0,0
uthiraithadhi,uthiradam 1 padham,meenam,dhanush,0,1,0,1,1,1,1,0,1,1,1
uthiraithadhi,uthiradam 2 3 4 padham,meenam,magaram,0,1,0,1,1,1,1,1,1,1,1
uthiraithadhi,thiruvonam,meenam,magaram,1,1,0,1,1,1,1,1,1,1,1
uthiraithadhi,avitam 1 2 padham,meenam,magaram,0,1,1,1,1,1,1,1,1,1,1
uthiraithadhi,avitam 3 4 padam,meenam,kumbam,0,1,1,1,1,1,1,0,1,1,1
uthiraithadhi,sathayam,meenam,kumbam,1,1,0,1,1,1,1,0,1,1,1
uthiraithadhi,pooratadhi 1 2 3 padham,meenam,kumbam,1,1,0,1,1,1,1,0,1,1,1
uthiraithadhi,pooratadhi 4 padham,meenam,meenam,1,1,0,1,1,1,1,0,1,1,1
uthiraithadhi,uthiraithadhi,meenam,meenam,0,0,0,0,0,0,0,0,0,0,0
uthiraithadhi,revathi,meenam,meenam,1,1,0,0,1,1,1,0,1,1,1
revathi,aswini,meenam,mesam,0,0,0,0,0,0,0,0,0,0,0
revathi,bharani,meenam,mesam,0,1,0,0,1,0,1,0,1,1,0
revathi,karthigai 1 padham,meenam,mesam,1,1,1,0,1,0,1,0,1,1,1
revathi,karthigai 2 3 4 padham,meenam,rishabam,1,1,1,0,1,0,0,0,1,1,0
revathi,rohini,meenam,rishabam,0,1,0,0,1,0,0,0,1,1,0
revathi,mirugasirisham 1 2 padham,meenam,rishabam,1,1,0,0,1,0,0,0,1,1,0
revathi,mirugasirisham 3 4 padham,meenam,mithunam,1,1,0,0,1,0,0,0,1,1,0
revathi,thiruvadhirai,meenam,mithunam,0,1,1,0,1,0,0,0,1,1,0
revathi,poonarpusham 1 2 3 padham,meenam,mithunam,1,1,0,1,1,0,0,0,1,1,0
revathi,poonarpusham 4 padham,meenam,kadagam,1,1,0,1,1,0,1,0,1,1,1
revathi,poosam,meenam,kadagam,1,1,0,1,1,0,1,0,1,1,1
revathi,ayilyam,meenam,kadagam,0,0,0,0,0,0,0,0,0,0,0
revathi,magam,meenam,simmam,0,0,0,0,0,0,0,0,0,0,0
revathi,pooram,meenam,simmam,0,1,0,1,1,0,1,0,1,1,0
revathi,uthiram 1 padham,meenam,simmam,1,1,1,1,1,0,1,0,1,1,1
revathi,uthiram 2 3 4 padham,meenam,kanni,1,1,1,1,1,1,0,0,1,1,1
revathi,astham,meenam,kanni,0,1,0,1,1,1,0,0,1,1,0
revathi,chithirai 1 2padham,meenam,kanni,1,1,0,1,1,1,0,0,1,1,1
revathi,chithirai 3 4 padham,meenam,thualam,1,1,0,1,1,0,0,0,1,1,0
revathi,swathi,meenam,thualam,0,1,1,1,1,0,0,0,1,1,0
revathi,visagam 1 2 3 padham,meenam,thualam,1,1,0,1,1,0,0,0,1,1,0
revathi,visagam 4 padham,meenam,viruchagam,1,1,0,1,1,1,1,0,1,1,1
revathi,anusam,meenam,viruchagam,1,1,0,1,1,1,1,0,1,1,1
revathi,kettai,meenam,viruchagam,0,0,0,0,0,0,0,0,0,0,0
revathi,moolam,meenam,dhanush,0,0,0,0,0,0,0,0,0,0,0
revathi,pooradam,meenam,dhanush,0,1,0,1,1,1,1,0,1,1,1
revathi,uthiradam 1 padham,meenam,dhanush,1,1,1,1,1,1,1,0,1,1,1
revathi,uthiradam 2 3 4 padham,meenam,magaram,1,1,1,1,1,1,1,1,1,1,1
revathi,thiruvonam,meenam,magaram,0,1,0,1,1,1,1,1,1,1,1
revathi,avitam 1 2 padham,meenam,magaram,1,1,0,1,0,1,1,1,1,1,1
revathi,avitam 3 4 padam,meenam,kumbam,1,1,0,1,0,1,1,0,1,1,1
revathi,sathayam,meenam,kumbam,0,1,1,1,1,1,1,0,1,1,1
revathi,pooratadhi 1 2 3 padham,meenam,kumbam,1,1,0,1,0,1,1,0,1,1,1
revathi,pooratadhi 4 padham,meenam,meenam,1,1,0,1,0,1,1,0,1,1,1
revathi,uthiraithadhi,meenam,meenam,1,1,0,1,1,1,1,0,1,1,1
revathi,revathi,meenam,meenam,0,0,0,0,0,0,0,0,0,0,0
